sliceCacheType,numberOfEntries,outOfOrderPercentage,numberOfTimestamps,minDelay,maxDelay,windowSize,windowSlide,executionTime,cacheHits,cacheMisses,optimalCacheHits,optimalCacheMisses
TWO_QUEUES,2,0,1000000,1000,500000,1000,1000,1637,999000,1000,999000,1000
Optimal,2,0,1000000,1000,500000,1000,1000,1637,999000,1000,999000,1000
TWO_QUEUES,2,0,1000000,1000,500000,1000,1000,1421,999000,1000,999000,1000
Optimal,2,0,1000000,1000,500000,1000,1000,1421,999000,1000,999000,1000
TWO_QUEUES,2,0,1000000,1000,500000,1000,1000,1437,999000,1000,999000,1000
Optimal,2,0,1000000,1000,500000,1000,1000,1437,999000,1000,999000,1000
LRU,2,0,1000000,1000,500000,1000,1000,1007,999000,1000,999000,1000
Optimal,2,0,1000000,1000,500000,1000,1000,1007,999000,1000,999000,1000
LRU,2,0,1000000,1000,500000,1000,1000,812,999000,1000,999000,1000
Optimal,2,0,1000000,1000,500000,1000,1000,812,999000,1000,999000,1000
LRU,2,0,1000000,1000,500000,1000,1000,977,999000,1000,999000,1000
Optimal,2,0,1000000,1000,500000,1000,1000,977,999000,1000,999000,1000
FIFO,2,0,1000000,1000,500000,1000,1000,778,999000,1000,999000,1000
Optimal,2,0,1000000,1000,500000,1000,1000,778,999000,1000,999000,1000
FIFO,2,0,1000000,1000,500000,1000,1000,497,999000,1000,999000,1000
Optimal,2,0,1000000,1000,500000,1000,1000,497,999000,1000,999000,1000
FIFO,2,0,1000000,1000,500000,1000,1000,450,999000,1000,999000,1000
Optimal,2,0,1000000,1000,500000,1000,1000,450,999000,1000,999000,1000
SECOND_CHANCE,2,0,1000000,1000,500000,1000,1000,564,999000,1000,999000,1000
Optimal,2,0,1000000,1000,500000,1000,1000,564,999000,1000,999000,1000
SECOND_CHANCE,2,0,1000000,1000,500000,1000,1000,413,999000,1000,999000,1000
Optimal,2,0,1000000,1000,500000,1000,1000,413,999000,1000,999000,1000
SECOND_CHANCE,2,0,1000000,1000,500000,1000,1000,569,999000,1000,999000,1000
Optimal,2,0,1000000,1000,500000,1000,1000,569,999000,1000,999000,1000
TWO_QUEUES,2,0.1,1000000,1000,500000,1000,1000,2262,828074,171926,900182,99818
Optimal,2,0.1,1000000,1000,500000,1000,1000,2262,900182,99818,900182,99818
TWO_QUEUES,2,0.1,1000000,1000,500000,1000,1000,2110,828074,171926,900182,99818
Optimal,2,0.1,1000000,1000,500000,1000,1000,2110,900182,99818,900182,99818
TWO_QUEUES,2,0.1,1000000,1000,500000,1000,1000,2078,828074,171926,900182,99818
Optimal,2,0.1,1000000,1000,500000,1000,1000,2078,900182,99818,900182,99818
LRU,2,0.1,1000000,1000,500000,1000,1000,1661,894915,105085,900182,99818
Optimal,2,0.1,1000000,1000,500000,1000,1000,1661,900182,99818,900182,99818
LRU,2,0.1,1000000,1000,500000,1000,1000,1625,894915,105085,900182,99818
Optimal,2,0.1,1000000,1000,500000,1000,1000,1625,900182,99818,900182,99818
LRU,2,0.1,1000000,1000,500000,1000,1000,1543,894915,105085,900182,99818
Optimal,2,0.1,1000000,1000,500000,1000,1000,1543,900182,99818,900182,99818
FIFO,2,0.1,1000000,1000,500000,1000,1000,1528,862981,137019,900182,99818
Optimal,2,0.1,1000000,1000,500000,1000,1000,1528,900182,99818,900182,99818
FIFO,2,0.1,1000000,1000,500000,1000,1000,1472,862981,137019,900182,99818
Optimal,2,0.1,1000000,1000,500000,1000,1000,1472,900182,99818,900182,99818
FIFO,2,0.1,1000000,1000,500000,1000,1000,1417,862981,137019,900182,99818
Optimal,2,0.1,1000000,1000,500000,1000,1000,1417,900182,99818,900182,99818
SECOND_CHANCE,2,0.1,1000000,1000,500000,1000,1000,1603,894907,105093,900182,99818
Optimal,2,0.1,1000000,1000,500000,1000,1000,1603,900182,99818,900182,99818
SECOND_CHANCE,2,0.1,1000000,1000,500000,1000,1000,1461,894907,105093,900182,99818
Optimal,2,0.1,1000000,1000,500000,1000,1000,1461,900182,99818,900182,99818
SECOND_CHANCE,2,0.1,1000000,1000,500000,1000,1000,1469,894907,105093,900182,99818
Optimal,2,0.1,1000000,1000,500000,1000,1000,1469,900182,99818,900182,99818
TWO_QUEUES,2,0.2,1000000,1000,500000,1000,1000,2766,668623,331377,802014,197986
Optimal,2,0.2,1000000,1000,500000,1000,1000,2766,802014,197986,802014,197986
TWO_QUEUES,2,0.2,1000000,1000,500000,1000,1000,2693,668623,331377,802014,197986
Optimal,2,0.2,1000000,1000,500000,1000,1000,2693,802014,197986,802014,197986
TWO_QUEUES,2,0.2,1000000,1000,500000,1000,1000,2670,668623,331377,802014,197986
Optimal,2,0.2,1000000,1000,500000,1000,1000,2670,802014,197986,802014,197986
LRU,2,0.2,1000000,1000,500000,1000,1000,2267,782950,217050,802014,197986
Optimal,2,0.2,1000000,1000,500000,1000,1000,2267,802014,197986,802014,197986
LRU,2,0.2,1000000,1000,500000,1000,1000,2152,782950,217050,802014,197986
Optimal,2,0.2,1000000,1000,500000,1000,1000,2152,802014,197986,802014,197986
LRU,2,0.2,1000000,1000,500000,1000,1000,2113,782950,217050,802014,197986
Optimal,2,0.2,1000000,1000,500000,1000,1000,2113,802014,197986,802014,197986
FIFO,2,0.2,1000000,1000,500000,1000,1000,2281,730415,269585,802014,197986
Optimal,2,0.2,1000000,1000,500000,1000,1000,2281,802014,197986,802014,197986
FIFO,2,0.2,1000000,1000,500000,1000,1000,2181,730415,269585,802014,197986
Optimal,2,0.2,1000000,1000,500000,1000,1000,2181,802014,197986,802014,197986
FIFO,2,0.2,1000000,1000,500000,1000,1000,2198,730415,269585,802014,197986
Optimal,2,0.2,1000000,1000,500000,1000,1000,2198,802014,197986,802014,197986
SECOND_CHANCE,2,0.2,1000000,1000,500000,1000,1000,2325,782954,217046,802014,197986
Optimal,2,0.2,1000000,1000,500000,1000,1000,2325,802014,197986,802014,197986
SECOND_CHANCE,2,0.2,1000000,1000,500000,1000,1000,2248,782954,217046,802014,197986
Optimal,2,0.2,1000000,1000,500000,1000,1000,2248,802014,197986,802014,197986
SECOND_CHANCE,2,0.2,1000000,1000,500000,1000,1000,2240,782954,217046,802014,197986
Optimal,2,0.2,1000000,1000,500000,1000,1000,2240,802014,197986,802014,197986
TWO_QUEUES,2,0.3,1000000,1000,500000,1000,1000,3245,522302,477698,704050,295950
Optimal,2,0.3,1000000,1000,500000,1000,1000,3245,704050,295950,704050,295950
TWO_QUEUES,2,0.3,1000000,1000,500000,1000,1000,3215,522302,477698,704050,295950
Optimal,2,0.3,1000000,1000,500000,1000,1000,3215,704050,295950,704050,295950
TWO_QUEUES,2,0.3,1000000,1000,500000,1000,1000,3246,522302,477698,704050,295950
Optimal,2,0.3,1000000,1000,500000,1000,1000,3246,704050,295950,704050,295950
LRU,2,0.3,1000000,1000,500000,1000,1000,3141,663667,336333,704050,295950
Optimal,2,0.3,1000000,1000,500000,1000,1000,3141,704050,295950,704050,295950
LRU,2,0.3,1000000,1000,500000,1000,1000,2918,663667,336333,704050,295950
Optimal,2,0.3,1000000,1000,500000,1000,1000,2918,704050,295950,704050,295950
LRU,2,0.3,1000000,1000,500000,1000,1000,2854,663667,336333,704050,295950
Optimal,2,0.3,1000000,1000,500000,1000,1000,2854,704050,295950,704050,295950
FIFO,2,0.3,1000000,1000,500000,1000,1000,3294,601938,398062,704050,295950
Optimal,2,0.3,1000000,1000,500000,1000,1000,3294,704050,295950,704050,295950
FIFO,2,0.3,1000000,1000,500000,1000,1000,2969,601938,398062,704050,295950
Optimal,2,0.3,1000000,1000,500000,1000,1000,2969,704050,295950,704050,295950
FIFO,2,0.3,1000000,1000,500000,1000,1000,2962,601938,398062,704050,295950
Optimal,2,0.3,1000000,1000,500000,1000,1000,2962,704050,295950,704050,295950
SECOND_CHANCE,2,0.3,1000000,1000,500000,1000,1000,3324,663671,336329,704050,295950
Optimal,2,0.3,1000000,1000,500000,1000,1000,3324,704050,295950,704050,295950
SECOND_CHANCE,2,0.3,1000000,1000,500000,1000,1000,3121,663671,336329,704050,295950
Optimal,2,0.3,1000000,1000,500000,1000,1000,3121,704050,295950,704050,295950
SECOND_CHANCE,2,0.3,1000000,1000,500000,1000,1000,3125,663671,336329,704050,295950
Optimal,2,0.3,1000000,1000,500000,1000,1000,3125,704050,295950,704050,295950
TWO_QUEUES,2,0.4,1000000,1000,500000,1000,1000,3757,391092,608908,605039,394961
Optimal,2,0.4,1000000,1000,500000,1000,1000,3757,605039,394961,605039,394961
TWO_QUEUES,2,0.4,1000000,1000,500000,1000,1000,3739,391092,608908,605039,394961
Optimal,2,0.4,1000000,1000,500000,1000,1000,3739,605039,394961,605039,394961
TWO_QUEUES,2,0.4,1000000,1000,500000,1000,1000,3762,391092,608908,605039,394961
Optimal,2,0.4,1000000,1000,500000,1000,1000,3762,605039,394961,605039,394961
LRU,2,0.4,1000000,1000,500000,1000,1000,3703,537139,462861,605039,394961
Optimal,2,0.4,1000000,1000,500000,1000,1000,3703,605039,394961,605039,394961
LRU,2,0.4,1000000,1000,500000,1000,1000,3540,537139,462861,605039,394961
Optimal,2,0.4,1000000,1000,500000,1000,1000,3540,605039,394961,605039,394961
LRU,2,0.4,1000000,1000,500000,1000,1000,3618,537139,462861,605039,394961
Optimal,2,0.4,1000000,1000,500000,1000,1000,3618,605039,394961,605039,394961
FIFO,2,0.4,1000000,1000,500000,1000,1000,3929,477890,522110,605039,394961
Optimal,2,0.4,1000000,1000,500000,1000,1000,3929,605039,394961,605039,394961
FIFO,2,0.4,1000000,1000,500000,1000,1000,3742,477890,522110,605039,394961
Optimal,2,0.4,1000000,1000,500000,1000,1000,3742,605039,394961,605039,394961
FIFO,2,0.4,1000000,1000,500000,1000,1000,3697,477890,522110,605039,394961
Optimal,2,0.4,1000000,1000,500000,1000,1000,3697,605039,394961,605039,394961
SECOND_CHANCE,2,0.4,1000000,1000,500000,1000,1000,4106,537132,462868,605039,394961
Optimal,2,0.4,1000000,1000,500000,1000,1000,4106,605039,394961,605039,394961
SECOND_CHANCE,2,0.4,1000000,1000,500000,1000,1000,3900,537132,462868,605039,394961
Optimal,2,0.4,1000000,1000,500000,1000,1000,3900,605039,394961,605039,394961
SECOND_CHANCE,2,0.4,1000000,1000,500000,1000,1000,4038,537132,462868,605039,394961
Optimal,2,0.4,1000000,1000,500000,1000,1000,4038,605039,394961,605039,394961
TWO_QUEUES,2,0.5,1000000,1000,500000,1000,1000,4170,277827,722173,506496,493504
Optimal,2,0.5,1000000,1000,500000,1000,1000,4170,506496,493504,506496,493504
TWO_QUEUES,2,0.5,1000000,1000,500000,1000,1000,4145,277827,722173,506496,493504
Optimal,2,0.5,1000000,1000,500000,1000,1000,4145,506496,493504,506496,493504
TWO_QUEUES,2,0.5,1000000,1000,500000,1000,1000,4114,277827,722173,506496,493504
Optimal,2,0.5,1000000,1000,500000,1000,1000,4114,506496,493504,506496,493504
LRU,2,0.5,1000000,1000,500000,1000,1000,4405,410466,589534,506496,493504
Optimal,2,0.5,1000000,1000,500000,1000,1000,4405,506496,493504,506496,493504
LRU,2,0.5,1000000,1000,500000,1000,1000,4271,410466,589534,506496,493504
Optimal,2,0.5,1000000,1000,500000,1000,1000,4271,506496,493504,506496,493504
LRU,2,0.5,1000000,1000,500000,1000,1000,4261,410466,589534,506496,493504
Optimal,2,0.5,1000000,1000,500000,1000,1000,4261,506496,493504,506496,493504
FIFO,2,0.5,1000000,1000,500000,1000,1000,4600,361712,638288,506496,493504
Optimal,2,0.5,1000000,1000,500000,1000,1000,4600,506496,493504,506496,493504
FIFO,2,0.5,1000000,1000,500000,1000,1000,4759,361712,638288,506496,493504
Optimal,2,0.5,1000000,1000,500000,1000,1000,4759,506496,493504,506496,493504
FIFO,2,0.5,1000000,1000,500000,1000,1000,4383,361712,638288,506496,493504
Optimal,2,0.5,1000000,1000,500000,1000,1000,4383,506496,493504,506496,493504
SECOND_CHANCE,2,0.5,1000000,1000,500000,1000,1000,4717,410481,589519,506496,493504
Optimal,2,0.5,1000000,1000,500000,1000,1000,4717,506496,493504,506496,493504
SECOND_CHANCE,2,0.5,1000000,1000,500000,1000,1000,4598,410481,589519,506496,493504
Optimal,2,0.5,1000000,1000,500000,1000,1000,4598,506496,493504,506496,493504
SECOND_CHANCE,2,0.5,1000000,1000,500000,1000,1000,4636,410481,589519,506496,493504
Optimal,2,0.5,1000000,1000,500000,1000,1000,4636,506496,493504,506496,493504
TWO_QUEUES,2,0.6,1000000,1000,500000,1000,1000,4372,183447,816553,408120,591880
Optimal,2,0.6,1000000,1000,500000,1000,1000,4372,408120,591880,408120,591880
TWO_QUEUES,2,0.6,1000000,1000,500000,1000,1000,4364,183447,816553,408120,591880
Optimal,2,0.6,1000000,1000,500000,1000,1000,4364,408120,591880,408120,591880
TWO_QUEUES,2,0.6,1000000,1000,500000,1000,1000,4334,183447,816553,408120,591880
Optimal,2,0.6,1000000,1000,500000,1000,1000,4334,408120,591880,408120,591880
LRU,2,0.6,1000000,1000,500000,1000,1000,5025,290243,709757,408120,591880
Optimal,2,0.6,1000000,1000,500000,1000,1000,5025,408120,591880,408120,591880
LRU,2,0.6,1000000,1000,500000,1000,1000,4814,290243,709757,408120,591880
Optimal,2,0.6,1000000,1000,500000,1000,1000,4814,408120,591880,408120,591880
LRU,2,0.6,1000000,1000,500000,1000,1000,4808,290243,709757,408120,591880
Optimal,2,0.6,1000000,1000,500000,1000,1000,4808,408120,591880,408120,591880
FIFO,2,0.6,1000000,1000,500000,1000,1000,4856,255572,744428,408120,591880
Optimal,2,0.6,1000000,1000,500000,1000,1000,4856,408120,591880,408120,591880
FIFO,2,0.6,1000000,1000,500000,1000,1000,4850,255572,744428,408120,591880
Optimal,2,0.6,1000000,1000,500000,1000,1000,4850,408120,591880,408120,591880
FIFO,2,0.6,1000000,1000,500000,1000,1000,4836,255572,744428,408120,591880
Optimal,2,0.6,1000000,1000,500000,1000,1000,4836,408120,591880,408120,591880
SECOND_CHANCE,2,0.6,1000000,1000,500000,1000,1000,5383,290246,709754,408120,591880
Optimal,2,0.6,1000000,1000,500000,1000,1000,5383,408120,591880,408120,591880
SECOND_CHANCE,2,0.6,1000000,1000,500000,1000,1000,5214,290246,709754,408120,591880
Optimal,2,0.6,1000000,1000,500000,1000,1000,5214,408120,591880,408120,591880
SECOND_CHANCE,2,0.6,1000000,1000,500000,1000,1000,5204,290246,709754,408120,591880
Optimal,2,0.6,1000000,1000,500000,1000,1000,5204,408120,591880,408120,591880
TWO_QUEUES,2,0.7,1000000,1000,500000,1000,1000,4516,107830,892170,308766,691234
Optimal,2,0.7,1000000,1000,500000,1000,1000,4516,308766,691234,308766,691234
TWO_QUEUES,2,0.7,1000000,1000,500000,1000,1000,4432,107830,892170,308766,691234
Optimal,2,0.7,1000000,1000,500000,1000,1000,4432,308766,691234,308766,691234
TWO_QUEUES,2,0.7,1000000,1000,500000,1000,1000,4467,107830,892170,308766,691234
Optimal,2,0.7,1000000,1000,500000,1000,1000,4467,308766,691234,308766,691234
LRU,2,0.7,1000000,1000,500000,1000,1000,5526,181483,818517,308766,691234
Optimal,2,0.7,1000000,1000,500000,1000,1000,5526,308766,691234,308766,691234
LRU,2,0.7,1000000,1000,500000,1000,1000,5289,181483,818517,308766,691234
Optimal,2,0.7,1000000,1000,500000,1000,1000,5289,308766,691234,308766,691234
LRU,2,0.7,1000000,1000,500000,1000,1000,5267,181483,818517,308766,691234
Optimal,2,0.7,1000000,1000,500000,1000,1000,5267,308766,691234,308766,691234
FIFO,2,0.7,1000000,1000,500000,1000,1000,5498,161492,838508,308766,691234
Optimal,2,0.7,1000000,1000,500000,1000,1000,5498,308766,691234,308766,691234
FIFO,2,0.7,1000000,1000,500000,1000,1000,5254,161492,838508,308766,691234
Optimal,2,0.7,1000000,1000,500000,1000,1000,5254,308766,691234,308766,691234
FIFO,2,0.7,1000000,1000,500000,1000,1000,5244,161492,838508,308766,691234
Optimal,2,0.7,1000000,1000,500000,1000,1000,5244,308766,691234,308766,691234
SECOND_CHANCE,2,0.7,1000000,1000,500000,1000,1000,5784,181494,818506,308766,691234
Optimal,2,0.7,1000000,1000,500000,1000,1000,5784,308766,691234,308766,691234
SECOND_CHANCE,2,0.7,1000000,1000,500000,1000,1000,5610,181494,818506,308766,691234
Optimal,2,0.7,1000000,1000,500000,1000,1000,5610,308766,691234,308766,691234
SECOND_CHANCE,2,0.7,1000000,1000,500000,1000,1000,5599,181494,818506,308766,691234
Optimal,2,0.7,1000000,1000,500000,1000,1000,5599,308766,691234,308766,691234
TWO_QUEUES,2,0.8,1000000,1000,500000,1000,1000,4539,53059,946941,211000,789000
Optimal,2,0.8,1000000,1000,500000,1000,1000,4539,211000,789000,211000,789000
TWO_QUEUES,2,0.8,1000000,1000,500000,1000,1000,4429,53059,946941,211000,789000
Optimal,2,0.8,1000000,1000,500000,1000,1000,4429,211000,789000,211000,789000
TWO_QUEUES,2,0.8,1000000,1000,500000,1000,1000,4424,53059,946941,211000,789000
Optimal,2,0.8,1000000,1000,500000,1000,1000,4424,211000,789000,211000,789000
LRU,2,0.8,1000000,1000,500000,1000,1000,5592,94046,905954,211000,789000
Optimal,2,0.8,1000000,1000,500000,1000,1000,5592,211000,789000,211000,789000
LRU,2,0.8,1000000,1000,500000,1000,1000,5451,94046,905954,211000,789000
Optimal,2,0.8,1000000,1000,500000,1000,1000,5451,211000,789000,211000,789000
LRU,2,0.8,1000000,1000,500000,1000,1000,5442,94046,905954,211000,789000
Optimal,2,0.8,1000000,1000,500000,1000,1000,5442,211000,789000,211000,789000
FIFO,2,0.8,1000000,1000,500000,1000,1000,5653,85393,914607,211000,789000
Optimal,2,0.8,1000000,1000,500000,1000,1000,5653,211000,789000,211000,789000
FIFO,2,0.8,1000000,1000,500000,1000,1000,5449,85393,914607,211000,789000
Optimal,2,0.8,1000000,1000,500000,1000,1000,5449,211000,789000,211000,789000
FIFO,2,0.8,1000000,1000,500000,1000,1000,5343,85393,914607,211000,789000
Optimal,2,0.8,1000000,1000,500000,1000,1000,5343,211000,789000,211000,789000
SECOND_CHANCE,2,0.8,1000000,1000,500000,1000,1000,6043,94045,905955,211000,789000
Optimal,2,0.8,1000000,1000,500000,1000,1000,6043,211000,789000,211000,789000
SECOND_CHANCE,2,0.8,1000000,1000,500000,1000,1000,5792,94045,905955,211000,789000
Optimal,2,0.8,1000000,1000,500000,1000,1000,5792,211000,789000,211000,789000
SECOND_CHANCE,2,0.8,1000000,1000,500000,1000,1000,5972,94045,905955,211000,789000
Optimal,2,0.8,1000000,1000,500000,1000,1000,5972,211000,789000,211000,789000
TWO_QUEUES,2,0.9,1000000,1000,500000,1000,1000,4591,17237,982763,113455,886545
Optimal,2,0.9,1000000,1000,500000,1000,1000,4591,113455,886545,113455,886545
TWO_QUEUES,2,0.9,1000000,1000,500000,1000,1000,4487,17237,982763,113455,886545
Optimal,2,0.9,1000000,1000,500000,1000,1000,4487,113455,886545,113455,886545
TWO_QUEUES,2,0.9,1000000,1000,500000,1000,1000,4426,17237,982763,113455,886545
Optimal,2,0.9,1000000,1000,500000,1000,1000,4426,113455,886545,113455,886545
LRU,2,0.9,1000000,1000,500000,1000,1000,5884,32013,967987,113455,886545
Optimal,2,0.9,1000000,1000,500000,1000,1000,5884,113455,886545,113455,886545
LRU,2,0.9,1000000,1000,500000,1000,1000,5681,32013,967987,113455,886545
Optimal,2,0.9,1000000,1000,500000,1000,1000,5681,113455,886545,113455,886545
LRU,2,0.9,1000000,1000,500000,1000,1000,5529,32013,967987,113455,886545
Optimal,2,0.9,1000000,1000,500000,1000,1000,5529,113455,886545,113455,886545
FIFO,2,0.9,1000000,1000,500000,1000,1000,5728,30097,969903,113455,886545
Optimal,2,0.9,1000000,1000,500000,1000,1000,5728,113455,886545,113455,886545
FIFO,2,0.9,1000000,1000,500000,1000,1000,5454,30097,969903,113455,886545
Optimal,2,0.9,1000000,1000,500000,1000,1000,5454,113455,886545,113455,886545
FIFO,2,0.9,1000000,1000,500000,1000,1000,5432,30097,969903,113455,886545
Optimal,2,0.9,1000000,1000,500000,1000,1000,5432,113455,886545,113455,886545
SECOND_CHANCE,2,0.9,1000000,1000,500000,1000,1000,5851,32017,967983,113455,886545
Optimal,2,0.9,1000000,1000,500000,1000,1000,5851,113455,886545,113455,886545
SECOND_CHANCE,2,0.9,1000000,1000,500000,1000,1000,5829,32017,967983,113455,886545
Optimal,2,0.9,1000000,1000,500000,1000,1000,5829,113455,886545,113455,886545
SECOND_CHANCE,2,0.9,1000000,1000,500000,1000,1000,5795,32017,967983,113455,886545
Optimal,2,0.9,1000000,1000,500000,1000,1000,5795,113455,886545,113455,886545
TWO_QUEUES,2,1,1000000,1000,500000,1000,1000,4315,2977,997023,45187,954813
Optimal,2,1,1000000,1000,500000,1000,1000,4315,45187,954813,45187,954813
TWO_QUEUES,2,1,1000000,1000,500000,1000,1000,4281,2977,997023,45187,954813
Optimal,2,1,1000000,1000,500000,1000,1000,4281,45187,954813,45187,954813
TWO_QUEUES,2,1,1000000,1000,500000,1000,1000,4314,2977,997023,45187,954813
Optimal,2,1,1000000,1000,500000,1000,1000,4314,45187,954813,45187,954813
LRU,2,1,1000000,1000,500000,1000,1000,6154,5975,994025,45187,954813
Optimal,2,1,1000000,1000,500000,1000,1000,6154,45187,954813,45187,954813
LRU,2,1,1000000,1000,500000,1000,1000,5486,5975,994025,45187,954813
Optimal,2,1,1000000,1000,500000,1000,1000,5486,45187,954813,45187,954813
LRU,2,1,1000000,1000,500000,1000,1000,5516,5975,994025,45187,954813
Optimal,2,1,1000000,1000,500000,1000,1000,5516,45187,954813,45187,954813
FIFO,2,1,1000000,1000,500000,1000,1000,5719,5976,994024,45187,954813
Optimal,2,1,1000000,1000,500000,1000,1000,5719,45187,954813,45187,954813
FIFO,2,1,1000000,1000,500000,1000,1000,5415,5976,994024,45187,954813
Optimal,2,1,1000000,1000,500000,1000,1000,5415,45187,954813,45187,954813
FIFO,2,1,1000000,1000,500000,1000,1000,5542,5976,994024,45187,954813
Optimal,2,1,1000000,1000,500000,1000,1000,5542,45187,954813,45187,954813
SECOND_CHANCE,2,1,1000000,1000,500000,1000,1000,6369,5974,994026,45187,954813
Optimal,2,1,1000000,1000,500000,1000,1000,6369,45187,954813,45187,954813
SECOND_CHANCE,2,1,1000000,1000,500000,1000,1000,5754,5974,994026,45187,954813
Optimal,2,1,1000000,1000,500000,1000,1000,5754,45187,954813,45187,954813
SECOND_CHANCE,2,1,1000000,1000,500000,1000,1000,5781,5974,994026,45187,954813
Optimal,2,1,1000000,1000,500000,1000,1000,5781,45187,954813,45187,954813
TWO_QUEUES,5,0,1000000,1000,500000,1000,1000,2521,999000,1000,999000,1000
Optimal,5,0,1000000,1000,500000,1000,1000,2521,999000,1000,999000,1000
TWO_QUEUES,5,0,1000000,1000,500000,1000,1000,2501,999000,1000,999000,1000
Optimal,5,0,1000000,1000,500000,1000,1000,2501,999000,1000,999000,1000
TWO_QUEUES,5,0,1000000,1000,500000,1000,1000,2493,999000,1000,999000,1000
Optimal,5,0,1000000,1000,500000,1000,1000,2493,999000,1000,999000,1000
LRU,5,0,1000000,1000,500000,1000,1000,1389,999000,1000,999000,1000
Optimal,5,0,1000000,1000,500000,1000,1000,1389,999000,1000,999000,1000
LRU,5,0,1000000,1000,500000,1000,1000,1343,999000,1000,999000,1000
Optimal,5,0,1000000,1000,500000,1000,1000,1343,999000,1000,999000,1000
LRU,5,0,1000000,1000,500000,1000,1000,1351,999000,1000,999000,1000
Optimal,5,0,1000000,1000,500000,1000,1000,1351,999000,1000,999000,1000
FIFO,5,0,1000000,1000,500000,1000,1000,738,999000,1000,999000,1000
Optimal,5,0,1000000,1000,500000,1000,1000,738,999000,1000,999000,1000
FIFO,5,0,1000000,1000,500000,1000,1000,645,999000,1000,999000,1000
Optimal,5,0,1000000,1000,500000,1000,1000,645,999000,1000,999000,1000
FIFO,5,0,1000000,1000,500000,1000,1000,615,999000,1000,999000,1000
Optimal,5,0,1000000,1000,500000,1000,1000,615,999000,1000,999000,1000
SECOND_CHANCE,5,0,1000000,1000,500000,1000,1000,773,999000,1000,999000,1000
Optimal,5,0,1000000,1000,500000,1000,1000,773,999000,1000,999000,1000
SECOND_CHANCE,5,0,1000000,1000,500000,1000,1000,662,999000,1000,999000,1000
Optimal,5,0,1000000,1000,500000,1000,1000,662,999000,1000,999000,1000
SECOND_CHANCE,5,0,1000000,1000,500000,1000,1000,658,999000,1000,999000,1000
Optimal,5,0,1000000,1000,500000,1000,1000,658,999000,1000,999000,1000
TWO_QUEUES,5,0.1,1000000,1000,500000,1000,1000,3220,876725,123275,909130,90870
Optimal,5,0.1,1000000,1000,500000,1000,1000,3220,909130,90870,909130,90870
TWO_QUEUES,5,0.1,1000000,1000,500000,1000,1000,3080,876725,123275,909130,90870
Optimal,5,0.1,1000000,1000,500000,1000,1000,3080,909130,90870,909130,90870
TWO_QUEUES,5,0.1,1000000,1000,500000,1000,1000,3108,876725,123275,909130,90870
Optimal,5,0.1,1000000,1000,500000,1000,1000,3108,909130,90870,909130,90870
LRU,5,0.1,1000000,1000,500000,1000,1000,2694,900333,99667,909130,90870
Optimal,5,0.1,1000000,1000,500000,1000,1000,2694,909130,90870,909130,90870
LRU,5,0.1,1000000,1000,500000,1000,1000,2671,900333,99667,909130,90870
Optimal,5,0.1,1000000,1000,500000,1000,1000,2671,909130,90870,909130,90870
LRU,5,0.1,1000000,1000,500000,1000,1000,2635,900333,99667,909130,90870
Optimal,5,0.1,1000000,1000,500000,1000,1000,2635,909130,90870,909130,90870
FIFO,5,0.1,1000000,1000,500000,1000,1000,2104,886081,113919,909130,90870
Optimal,5,0.1,1000000,1000,500000,1000,1000,2104,909130,90870,909130,90870
FIFO,5,0.1,1000000,1000,500000,1000,1000,2003,886081,113919,909130,90870
Optimal,5,0.1,1000000,1000,500000,1000,1000,2003,909130,90870,909130,90870
FIFO,5,0.1,1000000,1000,500000,1000,1000,1999,886081,113919,909130,90870
Optimal,5,0.1,1000000,1000,500000,1000,1000,1999,909130,90870,909130,90870
SECOND_CHANCE,5,0.1,1000000,1000,500000,1000,1000,2532,900331,99669,909130,90870
Optimal,5,0.1,1000000,1000,500000,1000,1000,2532,909130,90870,909130,90870
SECOND_CHANCE,5,0.1,1000000,1000,500000,1000,1000,2353,900331,99669,909130,90870
Optimal,5,0.1,1000000,1000,500000,1000,1000,2353,909130,90870,909130,90870
SECOND_CHANCE,5,0.1,1000000,1000,500000,1000,1000,2337,900331,99669,909130,90870
Optimal,5,0.1,1000000,1000,500000,1000,1000,2337,909130,90870,909130,90870
TWO_QUEUES,5,0.2,1000000,1000,500000,1000,1000,4078,756184,243816,819063,180937
Optimal,5,0.2,1000000,1000,500000,1000,1000,4078,819063,180937,819063,180937
TWO_QUEUES,5,0.2,1000000,1000,500000,1000,1000,3923,756184,243816,819063,180937
Optimal,5,0.2,1000000,1000,500000,1000,1000,3923,819063,180937,819063,180937
TWO_QUEUES,5,0.2,1000000,1000,500000,1000,1000,3935,756184,243816,819063,180937
Optimal,5,0.2,1000000,1000,500000,1000,1000,3935,819063,180937,819063,180937
LRU,5,0.2,1000000,1000,500000,1000,1000,3921,801502,198498,819063,180937
Optimal,5,0.2,1000000,1000,500000,1000,1000,3921,819063,180937,819063,180937
LRU,5,0.2,1000000,1000,500000,1000,1000,3727,801502,198498,819063,180937
Optimal,5,0.2,1000000,1000,500000,1000,1000,3727,819063,180937,819063,180937
LRU,5,0.2,1000000,1000,500000,1000,1000,3725,801502,198498,819063,180937
Optimal,5,0.2,1000000,1000,500000,1000,1000,3725,819063,180937,819063,180937
FIFO,5,0.2,1000000,1000,500000,1000,1000,3397,773104,226896,819063,180937
Optimal,5,0.2,1000000,1000,500000,1000,1000,3397,819063,180937,819063,180937
FIFO,5,0.2,1000000,1000,500000,1000,1000,3370,773104,226896,819063,180937
Optimal,5,0.2,1000000,1000,500000,1000,1000,3370,819063,180937,819063,180937
FIFO,5,0.2,1000000,1000,500000,1000,1000,3380,773104,226896,819063,180937
Optimal,5,0.2,1000000,1000,500000,1000,1000,3380,819063,180937,819063,180937
SECOND_CHANCE,5,0.2,1000000,1000,500000,1000,1000,3986,801504,198496,819063,180937
Optimal,5,0.2,1000000,1000,500000,1000,1000,3986,819063,180937,819063,180937
SECOND_CHANCE,5,0.2,1000000,1000,500000,1000,1000,3827,801504,198496,819063,180937
Optimal,5,0.2,1000000,1000,500000,1000,1000,3827,819063,180937,819063,180937
SECOND_CHANCE,5,0.2,1000000,1000,500000,1000,1000,3852,801504,198496,819063,180937
Optimal,5,0.2,1000000,1000,500000,1000,1000,3852,819063,180937,819063,180937
TWO_QUEUES,5,0.3,1000000,1000,500000,1000,1000,5118,638642,361358,729291,270709
Optimal,5,0.3,1000000,1000,500000,1000,1000,5118,729291,270709,729291,270709
TWO_QUEUES,5,0.3,1000000,1000,500000,1000,1000,4882,638642,361358,729291,270709
Optimal,5,0.3,1000000,1000,500000,1000,1000,4882,729291,270709,729291,270709
TWO_QUEUES,5,0.3,1000000,1000,500000,1000,1000,4807,638642,361358,729291,270709
Optimal,5,0.3,1000000,1000,500000,1000,1000,4807,729291,270709,729291,270709
LRU,5,0.3,1000000,1000,500000,1000,1000,5427,702628,297372,729291,270709
Optimal,5,0.3,1000000,1000,500000,1000,1000,5427,729291,270709,729291,270709
LRU,5,0.3,1000000,1000,500000,1000,1000,4899,702628,297372,729291,270709
Optimal,5,0.3,1000000,1000,500000,1000,1000,4899,729291,270709,729291,270709
LRU,5,0.3,1000000,1000,500000,1000,1000,4831,702628,297372,729291,270709
Optimal,5,0.3,1000000,1000,500000,1000,1000,4831,729291,270709,729291,270709
FIFO,5,0.3,1000000,1000,500000,1000,1000,4831,661067,338933,729291,270709
Optimal,5,0.3,1000000,1000,500000,1000,1000,4831,729291,270709,729291,270709
FIFO,5,0.3,1000000,1000,500000,1000,1000,4684,661067,338933,729291,270709
Optimal,5,0.3,1000000,1000,500000,1000,1000,4684,729291,270709,729291,270709
FIFO,5,0.3,1000000,1000,500000,1000,1000,4725,661067,338933,729291,270709
Optimal,5,0.3,1000000,1000,500000,1000,1000,4725,729291,270709,729291,270709
SECOND_CHANCE,5,0.3,1000000,1000,500000,1000,1000,5806,702810,297190,729291,270709
Optimal,5,0.3,1000000,1000,500000,1000,1000,5806,729291,270709,729291,270709
SECOND_CHANCE,5,0.3,1000000,1000,500000,1000,1000,5336,702810,297190,729291,270709
Optimal,5,0.3,1000000,1000,500000,1000,1000,5336,729291,270709,729291,270709
SECOND_CHANCE,5,0.3,1000000,1000,500000,1000,1000,5342,702810,297190,729291,270709
Optimal,5,0.3,1000000,1000,500000,1000,1000,5342,729291,270709,729291,270709
TWO_QUEUES,5,0.4,1000000,1000,500000,1000,1000,5821,525747,474253,639204,360796
Optimal,5,0.4,1000000,1000,500000,1000,1000,5821,639204,360796,639204,360796
TWO_QUEUES,5,0.4,1000000,1000,500000,1000,1000,5796,525747,474253,639204,360796
Optimal,5,0.4,1000000,1000,500000,1000,1000,5796,639204,360796,639204,360796
TWO_QUEUES,5,0.4,1000000,1000,500000,1000,1000,5691,525747,474253,639204,360796
Optimal,5,0.4,1000000,1000,500000,1000,1000,5691,639204,360796,639204,360796
LRU,5,0.4,1000000,1000,500000,1000,1000,6441,602505,397495,639204,360796
Optimal,5,0.4,1000000,1000,500000,1000,1000,6441,639204,360796,639204,360796
LRU,5,0.4,1000000,1000,500000,1000,1000,5940,602505,397495,639204,360796
Optimal,5,0.4,1000000,1000,500000,1000,1000,5940,639204,360796,639204,360796
LRU,5,0.4,1000000,1000,500000,1000,1000,5954,602505,397495,639204,360796
Optimal,5,0.4,1000000,1000,500000,1000,1000,5954,639204,360796,639204,360796
FIFO,5,0.4,1000000,1000,500000,1000,1000,6774,550027,449973,639204,360796
Optimal,5,0.4,1000000,1000,500000,1000,1000,6774,639204,360796,639204,360796
FIFO,5,0.4,1000000,1000,500000,1000,1000,5972,550027,449973,639204,360796
Optimal,5,0.4,1000000,1000,500000,1000,1000,5972,639204,360796,639204,360796
FIFO,5,0.4,1000000,1000,500000,1000,1000,5889,550027,449973,639204,360796
Optimal,5,0.4,1000000,1000,500000,1000,1000,5889,639204,360796,639204,360796
SECOND_CHANCE,5,0.4,1000000,1000,500000,1000,1000,7265,603530,396470,639204,360796
Optimal,5,0.4,1000000,1000,500000,1000,1000,7265,639204,360796,639204,360796
SECOND_CHANCE,5,0.4,1000000,1000,500000,1000,1000,6583,603530,396470,639204,360796
Optimal,5,0.4,1000000,1000,500000,1000,1000,6583,639204,360796,639204,360796
SECOND_CHANCE,5,0.4,1000000,1000,500000,1000,1000,6578,603530,396470,639204,360796
Optimal,5,0.4,1000000,1000,500000,1000,1000,6578,639204,360796,639204,360796
TWO_QUEUES,5,0.5,1000000,1000,500000,1000,1000,6661,416278,583722,549430,450570
Optimal,5,0.5,1000000,1000,500000,1000,1000,6661,549430,450570,549430,450570
TWO_QUEUES,5,0.5,1000000,1000,500000,1000,1000,6543,416278,583722,549430,450570
Optimal,5,0.5,1000000,1000,500000,1000,1000,6543,549430,450570,549430,450570
TWO_QUEUES,5,0.5,1000000,1000,500000,1000,1000,6528,416278,583722,549430,450570
Optimal,5,0.5,1000000,1000,500000,1000,1000,6528,549430,450570,549430,450570
LRU,5,0.5,1000000,1000,500000,1000,1000,7409,499668,500332,549430,450570
Optimal,5,0.5,1000000,1000,500000,1000,1000,7409,549430,450570,549430,450570
LRU,5,0.5,1000000,1000,500000,1000,1000,7176,499668,500332,549430,450570
Optimal,5,0.5,1000000,1000,500000,1000,1000,7176,549430,450570,549430,450570
LRU,5,0.5,1000000,1000,500000,1000,1000,7179,499668,500332,549430,450570
Optimal,5,0.5,1000000,1000,500000,1000,1000,7179,549430,450570,549430,450570
FIFO,5,0.5,1000000,1000,500000,1000,1000,7560,440855,559145,549430,450570
Optimal,5,0.5,1000000,1000,500000,1000,1000,7560,549430,450570,549430,450570
FIFO,5,0.5,1000000,1000,500000,1000,1000,7060,440855,559145,549430,450570
Optimal,5,0.5,1000000,1000,500000,1000,1000,7060,549430,450570,549430,450570
FIFO,5,0.5,1000000,1000,500000,1000,1000,7007,440855,559145,549430,450570
Optimal,5,0.5,1000000,1000,500000,1000,1000,7007,549430,450570,549430,450570
SECOND_CHANCE,5,0.5,1000000,1000,500000,1000,1000,8371,503065,496935,549430,450570
Optimal,5,0.5,1000000,1000,500000,1000,1000,8371,549430,450570,549430,450570
SECOND_CHANCE,5,0.5,1000000,1000,500000,1000,1000,7916,503065,496935,549430,450570
Optimal,5,0.5,1000000,1000,500000,1000,1000,7916,549430,450570,549430,450570
SECOND_CHANCE,5,0.5,1000000,1000,500000,1000,1000,7833,503065,496935,549430,450570
Optimal,5,0.5,1000000,1000,500000,1000,1000,7833,549430,450570,549430,450570
TWO_QUEUES,5,0.6,1000000,1000,500000,1000,1000,7817,310594,689406,459207,540793
Optimal,5,0.6,1000000,1000,500000,1000,1000,7817,459207,540793,459207,540793
TWO_QUEUES,5,0.6,1000000,1000,500000,1000,1000,7257,310594,689406,459207,540793
Optimal,5,0.6,1000000,1000,500000,1000,1000,7257,459207,540793,459207,540793
TWO_QUEUES,5,0.6,1000000,1000,500000,1000,1000,7236,310594,689406,459207,540793
Optimal,5,0.6,1000000,1000,500000,1000,1000,7236,459207,540793,459207,540793
LRU,5,0.6,1000000,1000,500000,1000,1000,8687,391200,608800,459207,540793
Optimal,5,0.6,1000000,1000,500000,1000,1000,8687,459207,540793,459207,540793
LRU,5,0.6,1000000,1000,500000,1000,1000,8324,391200,608800,459207,540793
Optimal,5,0.6,1000000,1000,500000,1000,1000,8324,459207,540793,459207,540793
LRU,5,0.6,1000000,1000,500000,1000,1000,8398,391200,608800,459207,540793
Optimal,5,0.6,1000000,1000,500000,1000,1000,8398,459207,540793,459207,540793
FIFO,5,0.6,1000000,1000,500000,1000,1000,8421,333828,666172,459207,540793
Optimal,5,0.6,1000000,1000,500000,1000,1000,8421,459207,540793,459207,540793
FIFO,5,0.6,1000000,1000,500000,1000,1000,7979,333828,666172,459207,540793
Optimal,5,0.6,1000000,1000,500000,1000,1000,7979,459207,540793,459207,540793
FIFO,5,0.6,1000000,1000,500000,1000,1000,7998,333828,666172,459207,540793
Optimal,5,0.6,1000000,1000,500000,1000,1000,7998,459207,540793,459207,540793
SECOND_CHANCE,5,0.6,1000000,1000,500000,1000,1000,9586,398623,601377,459207,540793
Optimal,5,0.6,1000000,1000,500000,1000,1000,9586,459207,540793,459207,540793
SECOND_CHANCE,5,0.6,1000000,1000,500000,1000,1000,9334,398623,601377,459207,540793
Optimal,5,0.6,1000000,1000,500000,1000,1000,9334,459207,540793,459207,540793
SECOND_CHANCE,5,0.6,1000000,1000,500000,1000,1000,9178,398623,601377,459207,540793
Optimal,5,0.6,1000000,1000,500000,1000,1000,9178,459207,540793,459207,540793
TWO_QUEUES,5,0.7,1000000,1000,500000,1000,1000,8224,209029,790971,370098,629902
Optimal,5,0.7,1000000,1000,500000,1000,1000,8224,370098,629902,370098,629902
TWO_QUEUES,5,0.7,1000000,1000,500000,1000,1000,7792,209029,790971,370098,629902
Optimal,5,0.7,1000000,1000,500000,1000,1000,7792,370098,629902,370098,629902
TWO_QUEUES,5,0.7,1000000,1000,500000,1000,1000,7722,209029,790971,370098,629902
Optimal,5,0.7,1000000,1000,500000,1000,1000,7722,370098,629902,370098,629902
LRU,5,0.7,1000000,1000,500000,1000,1000,10404,278269,721731,370098,629902
Optimal,5,0.7,1000000,1000,500000,1000,1000,10404,370098,629902,370098,629902
LRU,5,0.7,1000000,1000,500000,1000,1000,9353,278269,721731,370098,629902
Optimal,5,0.7,1000000,1000,500000,1000,1000,9353,370098,629902,370098,629902
LRU,5,0.7,1000000,1000,500000,1000,1000,9346,278269,721731,370098,629902
Optimal,5,0.7,1000000,1000,500000,1000,1000,9346,370098,629902,370098,629902
FIFO,5,0.7,1000000,1000,500000,1000,1000,9167,232453,767547,370098,629902
Optimal,5,0.7,1000000,1000,500000,1000,1000,9167,370098,629902,370098,629902
FIFO,5,0.7,1000000,1000,500000,1000,1000,8858,232453,767547,370098,629902
Optimal,5,0.7,1000000,1000,500000,1000,1000,8858,370098,629902,370098,629902
FIFO,5,0.7,1000000,1000,500000,1000,1000,8740,232453,767547,370098,629902
Optimal,5,0.7,1000000,1000,500000,1000,1000,8740,370098,629902,370098,629902
SECOND_CHANCE,5,0.7,1000000,1000,500000,1000,1000,11453,289188,710812,370098,629902
Optimal,5,0.7,1000000,1000,500000,1000,1000,11453,370098,629902,370098,629902
SECOND_CHANCE,5,0.7,1000000,1000,500000,1000,1000,10473,289188,710812,370098,629902
Optimal,5,0.7,1000000,1000,500000,1000,1000,10473,370098,629902,370098,629902
SECOND_CHANCE,5,0.7,1000000,1000,500000,1000,1000,10909,289188,710812,370098,629902
Optimal,5,0.7,1000000,1000,500000,1000,1000,10909,370098,629902,370098,629902
TWO_QUEUES,5,0.8,1000000,1000,500000,1000,1000,8408,121420,878580,280230,719770
Optimal,5,0.8,1000000,1000,500000,1000,1000,8408,280230,719770,280230,719770
TWO_QUEUES,5,0.8,1000000,1000,500000,1000,1000,8217,121420,878580,280230,719770
Optimal,5,0.8,1000000,1000,500000,1000,1000,8217,280230,719770,280230,719770
TWO_QUEUES,5,0.8,1000000,1000,500000,1000,1000,8182,121420,878580,280230,719770
Optimal,5,0.8,1000000,1000,500000,1000,1000,8182,280230,719770,280230,719770
LRU,5,0.8,1000000,1000,500000,1000,1000,10659,164879,835121,280230,719770
Optimal,5,0.8,1000000,1000,500000,1000,1000,10659,280230,719770,280230,719770
LRU,5,0.8,1000000,1000,500000,1000,1000,10032,164879,835121,280230,719770
Optimal,5,0.8,1000000,1000,500000,1000,1000,10032,280230,719770,280230,719770
LRU,5,0.8,1000000,1000,500000,1000,1000,10077,164879,835121,280230,719770
Optimal,5,0.8,1000000,1000,500000,1000,1000,10077,280230,719770,280230,719770
FIFO,5,0.8,1000000,1000,500000,1000,1000,9747,137900,862100,280230,719770
Optimal,5,0.8,1000000,1000,500000,1000,1000,9747,280230,719770,280230,719770
FIFO,5,0.8,1000000,1000,500000,1000,1000,9388,137900,862100,280230,719770
Optimal,5,0.8,1000000,1000,500000,1000,1000,9388,280230,719770,280230,719770
FIFO,5,0.8,1000000,1000,500000,1000,1000,9217,137900,862100,280230,719770
Optimal,5,0.8,1000000,1000,500000,1000,1000,9217,280230,719770,280230,719770
SECOND_CHANCE,5,0.8,1000000,1000,500000,1000,1000,11712,174806,825194,280230,719770
Optimal,5,0.8,1000000,1000,500000,1000,1000,11712,280230,719770,280230,719770
SECOND_CHANCE,5,0.8,1000000,1000,500000,1000,1000,11311,174806,825194,280230,719770
Optimal,5,0.8,1000000,1000,500000,1000,1000,11311,280230,719770,280230,719770
SECOND_CHANCE,5,0.8,1000000,1000,500000,1000,1000,11202,174806,825194,280230,719770
Optimal,5,0.8,1000000,1000,500000,1000,1000,11202,280230,719770,280230,719770
TWO_QUEUES,5,0.9,1000000,1000,500000,1000,1000,8191,47678,952322,189827,810173
Optimal,5,0.9,1000000,1000,500000,1000,1000,8191,189827,810173,189827,810173
TWO_QUEUES,5,0.9,1000000,1000,500000,1000,1000,8067,47678,952322,189827,810173
Optimal,5,0.9,1000000,1000,500000,1000,1000,8067,189827,810173,189827,810173
TWO_QUEUES,5,0.9,1000000,1000,500000,1000,1000,8110,47678,952322,189827,810173
Optimal,5,0.9,1000000,1000,500000,1000,1000,8110,189827,810173,189827,810173
LRU,5,0.9,1000000,1000,500000,1000,1000,10877,65466,934534,189827,810173
Optimal,5,0.9,1000000,1000,500000,1000,1000,10877,189827,810173,189827,810173
LRU,5,0.9,1000000,1000,500000,1000,1000,10606,65466,934534,189827,810173
Optimal,5,0.9,1000000,1000,500000,1000,1000,10606,189827,810173,189827,810173
LRU,5,0.9,1000000,1000,500000,1000,1000,10396,65466,934534,189827,810173
Optimal,5,0.9,1000000,1000,500000,1000,1000,10396,189827,810173,189827,810173
FIFO,5,0.9,1000000,1000,500000,1000,1000,9696,57823,942177,189827,810173
Optimal,5,0.9,1000000,1000,500000,1000,1000,9696,189827,810173,189827,810173
FIFO,5,0.9,1000000,1000,500000,1000,1000,9506,57823,942177,189827,810173
Optimal,5,0.9,1000000,1000,500000,1000,1000,9506,189827,810173,189827,810173
FIFO,5,0.9,1000000,1000,500000,1000,1000,9412,57823,942177,189827,810173
Optimal,5,0.9,1000000,1000,500000,1000,1000,9412,189827,810173,189827,810173
SECOND_CHANCE,5,0.9,1000000,1000,500000,1000,1000,11787,69084,930916,189827,810173
Optimal,5,0.9,1000000,1000,500000,1000,1000,11787,189827,810173,189827,810173
SECOND_CHANCE,5,0.9,1000000,1000,500000,1000,1000,11362,69084,930916,189827,810173
Optimal,5,0.9,1000000,1000,500000,1000,1000,11362,189827,810173,189827,810173
SECOND_CHANCE,5,0.9,1000000,1000,500000,1000,1000,11335,69084,930916,189827,810173
Optimal,5,0.9,1000000,1000,500000,1000,1000,11335,189827,810173,189827,810173
TWO_QUEUES,5,1,1000000,1000,500000,1000,1000,8238,11074,988926,114409,885591
Optimal,5,1,1000000,1000,500000,1000,1000,8238,114409,885591,114409,885591
TWO_QUEUES,5,1,1000000,1000,500000,1000,1000,7987,11074,988926,114409,885591
Optimal,5,1,1000000,1000,500000,1000,1000,7987,114409,885591,114409,885591
TWO_QUEUES,5,1,1000000,1000,500000,1000,1000,7953,11074,988926,114409,885591
Optimal,5,1,1000000,1000,500000,1000,1000,7953,114409,885591,114409,885591
LRU,5,1,1000000,1000,500000,1000,1000,11061,15011,984989,114409,885591
Optimal,5,1,1000000,1000,500000,1000,1000,11061,114409,885591,114409,885591
LRU,5,1,1000000,1000,500000,1000,1000,10448,15011,984989,114409,885591
Optimal,5,1,1000000,1000,500000,1000,1000,10448,114409,885591,114409,885591
LRU,5,1,1000000,1000,500000,1000,1000,10562,15011,984989,114409,885591
Optimal,5,1,1000000,1000,500000,1000,1000,10562,114409,885591,114409,885591
FIFO,5,1,1000000,1000,500000,1000,1000,9873,14999,985001,114409,885591
Optimal,5,1,1000000,1000,500000,1000,1000,9873,114409,885591,114409,885591
FIFO,5,1,1000000,1000,500000,1000,1000,9705,14999,985001,114409,885591
Optimal,5,1,1000000,1000,500000,1000,1000,9705,114409,885591,114409,885591
FIFO,5,1,1000000,1000,500000,1000,1000,9499,14999,985001,114409,885591
Optimal,5,1,1000000,1000,500000,1000,1000,9499,114409,885591,114409,885591
SECOND_CHANCE,5,1,1000000,1000,500000,1000,1000,11565,14999,985001,114409,885591
Optimal,5,1,1000000,1000,500000,1000,1000,11565,114409,885591,114409,885591
SECOND_CHANCE,5,1,1000000,1000,500000,1000,1000,11105,14999,985001,114409,885591
Optimal,5,1,1000000,1000,500000,1000,1000,11105,114409,885591,114409,885591
SECOND_CHANCE,5,1,1000000,1000,500000,1000,1000,11273,14999,985001,114409,885591
Optimal,5,1,1000000,1000,500000,1000,1000,11273,114409,885591,114409,885591
TWO_QUEUES,10,0,1000000,1000,500000,1000,1000,3213,999000,1000,999000,1000
Optimal,10,0,1000000,1000,500000,1000,1000,3213,999000,1000,999000,1000
TWO_QUEUES,10,0,1000000,1000,500000,1000,1000,3073,999000,1000,999000,1000
Optimal,10,0,1000000,1000,500000,1000,1000,3073,999000,1000,999000,1000
TWO_QUEUES,10,0,1000000,1000,500000,1000,1000,3076,999000,1000,999000,1000
Optimal,10,0,1000000,1000,500000,1000,1000,3076,999000,1000,999000,1000
LRU,10,0,1000000,1000,500000,1000,1000,3152,999000,1000,999000,1000
Optimal,10,0,1000000,1000,500000,1000,1000,3152,999000,1000,999000,1000
LRU,10,0,1000000,1000,500000,1000,1000,2988,999000,1000,999000,1000
Optimal,10,0,1000000,1000,500000,1000,1000,2988,999000,1000,999000,1000
LRU,10,0,1000000,1000,500000,1000,1000,3011,999000,1000,999000,1000
Optimal,10,0,1000000,1000,500000,1000,1000,3011,999000,1000,999000,1000
FIFO,10,0,1000000,1000,500000,1000,1000,1149,999000,1000,999000,1000
Optimal,10,0,1000000,1000,500000,1000,1000,1149,999000,1000,999000,1000
FIFO,10,0,1000000,1000,500000,1000,1000,1030,999000,1000,999000,1000
Optimal,10,0,1000000,1000,500000,1000,1000,1030,999000,1000,999000,1000
FIFO,10,0,1000000,1000,500000,1000,1000,1033,999000,1000,999000,1000
Optimal,10,0,1000000,1000,500000,1000,1000,1033,999000,1000,999000,1000
SECOND_CHANCE,10,0,1000000,1000,500000,1000,1000,1142,999000,1000,999000,1000
Optimal,10,0,1000000,1000,500000,1000,1000,1142,999000,1000,999000,1000
SECOND_CHANCE,10,0,1000000,1000,500000,1000,1000,1042,999000,1000,999000,1000
Optimal,10,0,1000000,1000,500000,1000,1000,1042,999000,1000,999000,1000
SECOND_CHANCE,10,0,1000000,1000,500000,1000,1000,1029,999000,1000,999000,1000
Optimal,10,0,1000000,1000,500000,1000,1000,1029,999000,1000,999000,1000
TWO_QUEUES,10,0.1,1000000,1000,500000,1000,1000,4622,891843,108157,916794,83206
Optimal,10,0.1,1000000,1000,500000,1000,1000,4622,916794,83206,916794,83206
TWO_QUEUES,10,0.1,1000000,1000,500000,1000,1000,4533,891843,108157,916794,83206
Optimal,10,0.1,1000000,1000,500000,1000,1000,4533,916794,83206,916794,83206
TWO_QUEUES,10,0.1,1000000,1000,500000,1000,1000,4491,891843,108157,916794,83206
Optimal,10,0.1,1000000,1000,500000,1000,1000,4491,916794,83206,916794,83206
LRU,10,0.1,1000000,1000,500000,1000,1000,5215,901888,98112,916794,83206
Optimal,10,0.1,1000000,1000,500000,1000,1000,5215,916794,83206,916794,83206
LRU,10,0.1,1000000,1000,500000,1000,1000,4964,901888,98112,916794,83206
Optimal,10,0.1,1000000,1000,500000,1000,1000,4964,916794,83206,916794,83206
LRU,10,0.1,1000000,1000,500000,1000,1000,4969,901888,98112,916794,83206
Optimal,10,0.1,1000000,1000,500000,1000,1000,4969,916794,83206,916794,83206
FIFO,10,0.1,1000000,1000,500000,1000,1000,3338,895089,104911,916794,83206
Optimal,10,0.1,1000000,1000,500000,1000,1000,3338,916794,83206,916794,83206
FIFO,10,0.1,1000000,1000,500000,1000,1000,3227,895089,104911,916794,83206
Optimal,10,0.1,1000000,1000,500000,1000,1000,3227,916794,83206,916794,83206
FIFO,10,0.1,1000000,1000,500000,1000,1000,3210,895089,104911,916794,83206
Optimal,10,0.1,1000000,1000,500000,1000,1000,3210,916794,83206,916794,83206
SECOND_CHANCE,10,0.1,1000000,1000,500000,1000,1000,3436,901872,98128,916794,83206
Optimal,10,0.1,1000000,1000,500000,1000,1000,3436,916794,83206,916794,83206
SECOND_CHANCE,10,0.1,1000000,1000,500000,1000,1000,3322,901872,98128,916794,83206
Optimal,10,0.1,1000000,1000,500000,1000,1000,3322,916794,83206,916794,83206
SECOND_CHANCE,10,0.1,1000000,1000,500000,1000,1000,3315,901872,98128,916794,83206
Optimal,10,0.1,1000000,1000,500000,1000,1000,3315,916794,83206,916794,83206
TWO_QUEUES,10,0.2,1000000,1000,500000,1000,1000,6626,785124,214876,834251,165749
Optimal,10,0.2,1000000,1000,500000,1000,1000,6626,834251,165749,834251,165749
TWO_QUEUES,10,0.2,1000000,1000,500000,1000,1000,6321,785124,214876,834251,165749
Optimal,10,0.2,1000000,1000,500000,1000,1000,6321,834251,165749,834251,165749
TWO_QUEUES,10,0.2,1000000,1000,500000,1000,1000,6347,785124,214876,834251,165749
Optimal,10,0.2,1000000,1000,500000,1000,1000,6347,834251,165749,834251,165749
LRU,10,0.2,1000000,1000,500000,1000,1000,7241,804756,195244,834251,165749
Optimal,10,0.2,1000000,1000,500000,1000,1000,7241,834251,165749,834251,165749
LRU,10,0.2,1000000,1000,500000,1000,1000,7030,804756,195244,834251,165749
Optimal,10,0.2,1000000,1000,500000,1000,1000,7030,834251,165749,834251,165749
LRU,10,0.2,1000000,1000,500000,1000,1000,6873,804756,195244,834251,165749
Optimal,10,0.2,1000000,1000,500000,1000,1000,6873,834251,165749,834251,165749
FIFO,10,0.2,1000000,1000,500000,1000,1000,5531,790810,209190,834251,165749
Optimal,10,0.2,1000000,1000,500000,1000,1000,5531,834251,165749,834251,165749
FIFO,10,0.2,1000000,1000,500000,1000,1000,5371,790810,209190,834251,165749
Optimal,10,0.2,1000000,1000,500000,1000,1000,5371,834251,165749,834251,165749
FIFO,10,0.2,1000000,1000,500000,1000,1000,5432,790810,209190,834251,165749
Optimal,10,0.2,1000000,1000,500000,1000,1000,5432,834251,165749,834251,165749
SECOND_CHANCE,10,0.2,1000000,1000,500000,1000,1000,5684,804765,195235,834251,165749
Optimal,10,0.2,1000000,1000,500000,1000,1000,5684,834251,165749,834251,165749
SECOND_CHANCE,10,0.2,1000000,1000,500000,1000,1000,5478,804765,195235,834251,165749
Optimal,10,0.2,1000000,1000,500000,1000,1000,5478,834251,165749,834251,165749
SECOND_CHANCE,10,0.2,1000000,1000,500000,1000,1000,5477,804765,195235,834251,165749
Optimal,10,0.2,1000000,1000,500000,1000,1000,5477,834251,165749,834251,165749
TWO_QUEUES,10,0.3,1000000,1000,500000,1000,1000,8141,679771,320229,751654,248346
Optimal,10,0.3,1000000,1000,500000,1000,1000,8141,751654,248346,751654,248346
TWO_QUEUES,10,0.3,1000000,1000,500000,1000,1000,7880,679771,320229,751654,248346
Optimal,10,0.3,1000000,1000,500000,1000,1000,7880,751654,248346,751654,248346
TWO_QUEUES,10,0.3,1000000,1000,500000,1000,1000,7955,679771,320229,751654,248346
Optimal,10,0.3,1000000,1000,500000,1000,1000,7955,751654,248346,751654,248346
LRU,10,0.3,1000000,1000,500000,1000,1000,9192,707124,292876,751654,248346
Optimal,10,0.3,1000000,1000,500000,1000,1000,9192,751654,248346,751654,248346
LRU,10,0.3,1000000,1000,500000,1000,1000,9088,707124,292876,751654,248346
Optimal,10,0.3,1000000,1000,500000,1000,1000,9088,751654,248346,751654,248346
LRU,10,0.3,1000000,1000,500000,1000,1000,9423,707124,292876,751654,248346
Optimal,10,0.3,1000000,1000,500000,1000,1000,9423,751654,248346,751654,248346
FIFO,10,0.3,1000000,1000,500000,1000,1000,7988,686207,313793,751654,248346
Optimal,10,0.3,1000000,1000,500000,1000,1000,7988,751654,248346,751654,248346
FIFO,10,0.3,1000000,1000,500000,1000,1000,7648,686207,313793,751654,248346
Optimal,10,0.3,1000000,1000,500000,1000,1000,7648,751654,248346,751654,248346
FIFO,10,0.3,1000000,1000,500000,1000,1000,7515,686207,313793,751654,248346
Optimal,10,0.3,1000000,1000,500000,1000,1000,7515,751654,248346,751654,248346
SECOND_CHANCE,10,0.3,1000000,1000,500000,1000,1000,7610,707127,292873,751654,248346
Optimal,10,0.3,1000000,1000,500000,1000,1000,7610,751654,248346,751654,248346
SECOND_CHANCE,10,0.3,1000000,1000,500000,1000,1000,7556,707127,292873,751654,248346
Optimal,10,0.3,1000000,1000,500000,1000,1000,7556,751654,248346,751654,248346
SECOND_CHANCE,10,0.3,1000000,1000,500000,1000,1000,7625,707127,292873,751654,248346
Optimal,10,0.3,1000000,1000,500000,1000,1000,7625,751654,248346,751654,248346
TWO_QUEUES,10,0.4,1000000,1000,500000,1000,1000,10224,575817,424183,669425,330575
Optimal,10,0.4,1000000,1000,500000,1000,1000,10224,669425,330575,669425,330575
TWO_QUEUES,10,0.4,1000000,1000,500000,1000,1000,9844,575817,424183,669425,330575
Optimal,10,0.4,1000000,1000,500000,1000,1000,9844,669425,330575,669425,330575
TWO_QUEUES,10,0.4,1000000,1000,500000,1000,1000,9811,575817,424183,669425,330575
Optimal,10,0.4,1000000,1000,500000,1000,1000,9811,669425,330575,669425,330575
LRU,10,0.4,1000000,1000,500000,1000,1000,11183,610085,389915,669425,330575
Optimal,10,0.4,1000000,1000,500000,1000,1000,11183,669425,330575,669425,330575
LRU,10,0.4,1000000,1000,500000,1000,1000,10712,610085,389915,669425,330575
Optimal,10,0.4,1000000,1000,500000,1000,1000,10712,669425,330575,669425,330575
LRU,10,0.4,1000000,1000,500000,1000,1000,10828,610085,389915,669425,330575
Optimal,10,0.4,1000000,1000,500000,1000,1000,10828,669425,330575,669425,330575
FIFO,10,0.4,1000000,1000,500000,1000,1000,9867,582574,417426,669425,330575
Optimal,10,0.4,1000000,1000,500000,1000,1000,9867,669425,330575,669425,330575
FIFO,10,0.4,1000000,1000,500000,1000,1000,9501,582574,417426,669425,330575
Optimal,10,0.4,1000000,1000,500000,1000,1000,9501,669425,330575,669425,330575
FIFO,10,0.4,1000000,1000,500000,1000,1000,9474,582574,417426,669425,330575
Optimal,10,0.4,1000000,1000,500000,1000,1000,9474,669425,330575,669425,330575
SECOND_CHANCE,10,0.4,1000000,1000,500000,1000,1000,9683,610075,389925,669425,330575
Optimal,10,0.4,1000000,1000,500000,1000,1000,9683,669425,330575,669425,330575
SECOND_CHANCE,10,0.4,1000000,1000,500000,1000,1000,9588,610075,389925,669425,330575
Optimal,10,0.4,1000000,1000,500000,1000,1000,9588,669425,330575,669425,330575
SECOND_CHANCE,10,0.4,1000000,1000,500000,1000,1000,9607,610075,389925,669425,330575
Optimal,10,0.4,1000000,1000,500000,1000,1000,9607,669425,330575,669425,330575
TWO_QUEUES,10,0.5,1000000,1000,500000,1000,1000,11700,474002,525998,587257,412743
Optimal,10,0.5,1000000,1000,500000,1000,1000,11700,587257,412743,587257,412743
TWO_QUEUES,10,0.5,1000000,1000,500000,1000,1000,11452,474002,525998,587257,412743
Optimal,10,0.5,1000000,1000,500000,1000,1000,11452,587257,412743,587257,412743
TWO_QUEUES,10,0.5,1000000,1000,500000,1000,1000,11396,474002,525998,587257,412743
Optimal,10,0.5,1000000,1000,500000,1000,1000,11396,587257,412743,587257,412743
LRU,10,0.5,1000000,1000,500000,1000,1000,13022,512882,487118,587257,412743
Optimal,10,0.5,1000000,1000,500000,1000,1000,13022,587257,412743,587257,412743
LRU,10,0.5,1000000,1000,500000,1000,1000,12601,512882,487118,587257,412743
Optimal,10,0.5,1000000,1000,500000,1000,1000,12601,587257,412743,587257,412743
LRU,10,0.5,1000000,1000,500000,1000,1000,12647,512882,487118,587257,412743
Optimal,10,0.5,1000000,1000,500000,1000,1000,12647,587257,412743,587257,412743
FIFO,10,0.5,1000000,1000,500000,1000,1000,11857,479251,520749,587257,412743
Optimal,10,0.5,1000000,1000,500000,1000,1000,11857,587257,412743,587257,412743
FIFO,10,0.5,1000000,1000,500000,1000,1000,11436,479251,520749,587257,412743
Optimal,10,0.5,1000000,1000,500000,1000,1000,11436,587257,412743,587257,412743
FIFO,10,0.5,1000000,1000,500000,1000,1000,11401,479251,520749,587257,412743
Optimal,10,0.5,1000000,1000,500000,1000,1000,11401,587257,412743,587257,412743
SECOND_CHANCE,10,0.5,1000000,1000,500000,1000,1000,12102,512927,487073,587257,412743
Optimal,10,0.5,1000000,1000,500000,1000,1000,12102,587257,412743,587257,412743
SECOND_CHANCE,10,0.5,1000000,1000,500000,1000,1000,11654,512927,487073,587257,412743
Optimal,10,0.5,1000000,1000,500000,1000,1000,11654,587257,412743,587257,412743
SECOND_CHANCE,10,0.5,1000000,1000,500000,1000,1000,11650,512927,487073,587257,412743
Optimal,10,0.5,1000000,1000,500000,1000,1000,11650,587257,412743,587257,412743
TWO_QUEUES,10,0.6,1000000,1000,500000,1000,1000,13635,370923,629077,504740,495260
Optimal,10,0.6,1000000,1000,500000,1000,1000,13635,504740,495260,504740,495260
TWO_QUEUES,10,0.6,1000000,1000,500000,1000,1000,13109,370923,629077,504740,495260
Optimal,10,0.6,1000000,1000,500000,1000,1000,13109,504740,495260,504740,495260
TWO_QUEUES,10,0.6,1000000,1000,500000,1000,1000,13076,370923,629077,504740,495260
Optimal,10,0.6,1000000,1000,500000,1000,1000,13076,504740,495260,504740,495260
LRU,10,0.6,1000000,1000,500000,1000,1000,15086,414660,585340,504740,495260
Optimal,10,0.6,1000000,1000,500000,1000,1000,15086,504740,495260,504740,495260
LRU,10,0.6,1000000,1000,500000,1000,1000,14567,414660,585340,504740,495260
Optimal,10,0.6,1000000,1000,500000,1000,1000,14567,504740,495260,504740,495260
LRU,10,0.6,1000000,1000,500000,1000,1000,14490,414660,585340,504740,495260
Optimal,10,0.6,1000000,1000,500000,1000,1000,14490,504740,495260,504740,495260
FIFO,10,0.6,1000000,1000,500000,1000,1000,13672,376202,623798,504740,495260
Optimal,10,0.6,1000000,1000,500000,1000,1000,13672,504740,495260,504740,495260
FIFO,10,0.6,1000000,1000,500000,1000,1000,13229,376202,623798,504740,495260
Optimal,10,0.6,1000000,1000,500000,1000,1000,13229,504740,495260,504740,495260
FIFO,10,0.6,1000000,1000,500000,1000,1000,13237,376202,623798,504740,495260
Optimal,10,0.6,1000000,1000,500000,1000,1000,13237,504740,495260,504740,495260
SECOND_CHANCE,10,0.6,1000000,1000,500000,1000,1000,14187,415163,584837,504740,495260
Optimal,10,0.6,1000000,1000,500000,1000,1000,14187,504740,495260,504740,495260
SECOND_CHANCE,10,0.6,1000000,1000,500000,1000,1000,13718,415163,584837,504740,495260
Optimal,10,0.6,1000000,1000,500000,1000,1000,13718,504740,495260,504740,495260
SECOND_CHANCE,10,0.6,1000000,1000,500000,1000,1000,13676,415163,584837,504740,495260
Optimal,10,0.6,1000000,1000,500000,1000,1000,13676,504740,495260,504740,495260
TWO_QUEUES,10,0.7,1000000,1000,500000,1000,1000,15236,271964,728036,422589,577411
Optimal,10,0.7,1000000,1000,500000,1000,1000,15236,422589,577411,422589,577411
TWO_QUEUES,10,0.7,1000000,1000,500000,1000,1000,14523,271964,728036,422589,577411
Optimal,10,0.7,1000000,1000,500000,1000,1000,14523,422589,577411,422589,577411
TWO_QUEUES,10,0.7,1000000,1000,500000,1000,1000,14577,271964,728036,422589,577411
Optimal,10,0.7,1000000,1000,500000,1000,1000,14577,422589,577411,422589,577411
LRU,10,0.7,1000000,1000,500000,1000,1000,17065,315254,684746,422589,577411
Optimal,10,0.7,1000000,1000,500000,1000,1000,17065,422589,577411,422589,577411
LRU,10,0.7,1000000,1000,500000,1000,1000,16416,315254,684746,422589,577411
Optimal,10,0.7,1000000,1000,500000,1000,1000,16416,422589,577411,422589,577411
LRU,10,0.7,1000000,1000,500000,1000,1000,16416,315254,684746,422589,577411
Optimal,10,0.7,1000000,1000,500000,1000,1000,16416,422589,577411,422589,577411
FIFO,10,0.7,1000000,1000,500000,1000,1000,15195,275764,724236,422589,577411
Optimal,10,0.7,1000000,1000,500000,1000,1000,15195,422589,577411,422589,577411
FIFO,10,0.7,1000000,1000,500000,1000,1000,14756,275764,724236,422589,577411
Optimal,10,0.7,1000000,1000,500000,1000,1000,14756,422589,577411,422589,577411
FIFO,10,0.7,1000000,1000,500000,1000,1000,14781,275764,724236,422589,577411
Optimal,10,0.7,1000000,1000,500000,1000,1000,14781,422589,577411,422589,577411
SECOND_CHANCE,10,0.7,1000000,1000,500000,1000,1000,15978,317514,682486,422589,577411
Optimal,10,0.7,1000000,1000,500000,1000,1000,15978,422589,577411,422589,577411
SECOND_CHANCE,10,0.7,1000000,1000,500000,1000,1000,15677,317514,682486,422589,577411
Optimal,10,0.7,1000000,1000,500000,1000,1000,15677,422589,577411,422589,577411
SECOND_CHANCE,10,0.7,1000000,1000,500000,1000,1000,15680,317514,682486,422589,577411
Optimal,10,0.7,1000000,1000,500000,1000,1000,15680,422589,577411,422589,577411
TWO_QUEUES,10,0.8,1000000,1000,500000,1000,1000,16359,174513,825487,340553,659447
Optimal,10,0.8,1000000,1000,500000,1000,1000,16359,340553,659447,340553,659447
TWO_QUEUES,10,0.8,1000000,1000,500000,1000,1000,15775,174513,825487,340553,659447
Optimal,10,0.8,1000000,1000,500000,1000,1000,15775,340553,659447,340553,659447
TWO_QUEUES,10,0.8,1000000,1000,500000,1000,1000,15777,174513,825487,340553,659447
Optimal,10,0.8,1000000,1000,500000,1000,1000,15777,340553,659447,340553,659447
LRU,10,0.8,1000000,1000,500000,1000,1000,19373,210332,789668,340553,659447
Optimal,10,0.8,1000000,1000,500000,1000,1000,19373,340553,659447,340553,659447
LRU,10,0.8,1000000,1000,500000,1000,1000,18415,210332,789668,340553,659447
Optimal,10,0.8,1000000,1000,500000,1000,1000,18415,340553,659447,340553,659447
LRU,10,0.8,1000000,1000,500000,1000,1000,18219,210332,789668,340553,659447
Optimal,10,0.8,1000000,1000,500000,1000,1000,18219,340553,659447,340553,659447
FIFO,10,0.8,1000000,1000,500000,1000,1000,16275,178266,821734,340553,659447
Optimal,10,0.8,1000000,1000,500000,1000,1000,16275,340553,659447,340553,659447
FIFO,10,0.8,1000000,1000,500000,1000,1000,16013,178266,821734,340553,659447
Optimal,10,0.8,1000000,1000,500000,1000,1000,16013,340553,659447,340553,659447
FIFO,10,0.8,1000000,1000,500000,1000,1000,16104,178266,821734,340553,659447
Optimal,10,0.8,1000000,1000,500000,1000,1000,16104,340553,659447,340553,659447
SECOND_CHANCE,10,0.8,1000000,1000,500000,1000,1000,17564,216301,783699,340553,659447
Optimal,10,0.8,1000000,1000,500000,1000,1000,17564,340553,659447,340553,659447
SECOND_CHANCE,10,0.8,1000000,1000,500000,1000,1000,17485,216301,783699,340553,659447
Optimal,10,0.8,1000000,1000,500000,1000,1000,17485,340553,659447,340553,659447
SECOND_CHANCE,10,0.8,1000000,1000,500000,1000,1000,17483,216301,783699,340553,659447
Optimal,10,0.8,1000000,1000,500000,1000,1000,17483,340553,659447,340553,659447
TWO_QUEUES,10,0.9,1000000,1000,500000,1000,1000,16642,85289,914711,257514,742486
Optimal,10,0.9,1000000,1000,500000,1000,1000,16642,257514,742486,257514,742486
TWO_QUEUES,10,0.9,1000000,1000,500000,1000,1000,16701,85289,914711,257514,742486
Optimal,10,0.9,1000000,1000,500000,1000,1000,16701,257514,742486,257514,742486
TWO_QUEUES,10,0.9,1000000,1000,500000,1000,1000,16517,85289,914711,257514,742486
Optimal,10,0.9,1000000,1000,500000,1000,1000,16517,257514,742486,257514,742486
LRU,10,0.9,1000000,1000,500000,1000,1000,20539,101159,898841,257514,742486
Optimal,10,0.9,1000000,1000,500000,1000,1000,20539,257514,742486,257514,742486
LRU,10,0.9,1000000,1000,500000,1000,1000,19766,101159,898841,257514,742486
Optimal,10,0.9,1000000,1000,500000,1000,1000,19766,257514,742486,257514,742486
LRU,10,0.9,1000000,1000,500000,1000,1000,19813,101159,898841,257514,742486
Optimal,10,0.9,1000000,1000,500000,1000,1000,19813,257514,742486,257514,742486
FIFO,10,0.9,1000000,1000,500000,1000,1000,17653,87499,912501,257514,742486
Optimal,10,0.9,1000000,1000,500000,1000,1000,17653,257514,742486,257514,742486
FIFO,10,0.9,1000000,1000,500000,1000,1000,17049,87499,912501,257514,742486
Optimal,10,0.9,1000000,1000,500000,1000,1000,17049,257514,742486,257514,742486
FIFO,10,0.9,1000000,1000,500000,1000,1000,17047,87499,912501,257514,742486
Optimal,10,0.9,1000000,1000,500000,1000,1000,17047,257514,742486,257514,742486
SECOND_CHANCE,10,0.9,1000000,1000,500000,1000,1000,19737,107251,892749,257514,742486
Optimal,10,0.9,1000000,1000,500000,1000,1000,19737,257514,742486,257514,742486
SECOND_CHANCE,10,0.9,1000000,1000,500000,1000,1000,19157,107251,892749,257514,742486
Optimal,10,0.9,1000000,1000,500000,1000,1000,19157,257514,742486,257514,742486
SECOND_CHANCE,10,0.9,1000000,1000,500000,1000,1000,19064,107251,892749,257514,742486
Optimal,10,0.9,1000000,1000,500000,1000,1000,19064,257514,742486,257514,742486
TWO_QUEUES,10,1,1000000,1000,500000,1000,1000,17078,26024,973976,184958,815042
Optimal,10,1,1000000,1000,500000,1000,1000,17078,184958,815042,184958,815042
TWO_QUEUES,10,1,1000000,1000,500000,1000,1000,16716,26024,973976,184958,815042
Optimal,10,1,1000000,1000,500000,1000,1000,16716,184958,815042,184958,815042
TWO_QUEUES,10,1,1000000,1000,500000,1000,1000,16552,26024,973976,184958,815042
Optimal,10,1,1000000,1000,500000,1000,1000,16552,184958,815042,184958,815042
LRU,10,1,1000000,1000,500000,1000,1000,20830,29970,970030,184958,815042
Optimal,10,1,1000000,1000,500000,1000,1000,20830,184958,815042,184958,815042
LRU,10,1,1000000,1000,500000,1000,1000,20326,29970,970030,184958,815042
Optimal,10,1,1000000,1000,500000,1000,1000,20326,184958,815042,184958,815042
LRU,10,1,1000000,1000,500000,1000,1000,20223,29970,970030,184958,815042
Optimal,10,1,1000000,1000,500000,1000,1000,20223,184958,815042,184958,815042
FIFO,10,1,1000000,1000,500000,1000,1000,18068,30002,969998,184958,815042
Optimal,10,1,1000000,1000,500000,1000,1000,18068,184958,815042,184958,815042
FIFO,10,1,1000000,1000,500000,1000,1000,17413,30002,969998,184958,815042
Optimal,10,1,1000000,1000,500000,1000,1000,17413,184958,815042,184958,815042
FIFO,10,1,1000000,1000,500000,1000,1000,17350,30002,969998,184958,815042
Optimal,10,1,1000000,1000,500000,1000,1000,17350,184958,815042,184958,815042
SECOND_CHANCE,10,1,1000000,1000,500000,1000,1000,21114,29912,970088,184958,815042
Optimal,10,1,1000000,1000,500000,1000,1000,21114,184958,815042,184958,815042
SECOND_CHANCE,10,1,1000000,1000,500000,1000,1000,19588,29912,970088,184958,815042
Optimal,10,1,1000000,1000,500000,1000,1000,19588,184958,815042,184958,815042
SECOND_CHANCE,10,1,1000000,1000,500000,1000,1000,19806,29912,970088,184958,815042
Optimal,10,1,1000000,1000,500000,1000,1000,19806,184958,815042,184958,815042
TWO_QUEUES,20,0,1000000,1000,500000,1000,1000,5039,999000,1000,999000,1000
Optimal,20,0,1000000,1000,500000,1000,1000,5039,999000,1000,999000,1000
TWO_QUEUES,20,0,1000000,1000,500000,1000,1000,4902,999000,1000,999000,1000
Optimal,20,0,1000000,1000,500000,1000,1000,4902,999000,1000,999000,1000
TWO_QUEUES,20,0,1000000,1000,500000,1000,1000,4922,999000,1000,999000,1000
Optimal,20,0,1000000,1000,500000,1000,1000,4922,999000,1000,999000,1000
LRU,20,0,1000000,1000,500000,1000,1000,7816,999000,1000,999000,1000
Optimal,20,0,1000000,1000,500000,1000,1000,7816,999000,1000,999000,1000
LRU,20,0,1000000,1000,500000,1000,1000,7490,999000,1000,999000,1000
Optimal,20,0,1000000,1000,500000,1000,1000,7490,999000,1000,999000,1000
LRU,20,0,1000000,1000,500000,1000,1000,7500,999000,1000,999000,1000
Optimal,20,0,1000000,1000,500000,1000,1000,7500,999000,1000,999000,1000
FIFO,20,0,1000000,1000,500000,1000,1000,2202,999000,1000,999000,1000
Optimal,20,0,1000000,1000,500000,1000,1000,2202,999000,1000,999000,1000
FIFO,20,0,1000000,1000,500000,1000,1000,1856,999000,1000,999000,1000
Optimal,20,0,1000000,1000,500000,1000,1000,1856,999000,1000,999000,1000
FIFO,20,0,1000000,1000,500000,1000,1000,1855,999000,1000,999000,1000
Optimal,20,0,1000000,1000,500000,1000,1000,1855,999000,1000,999000,1000
SECOND_CHANCE,20,0,1000000,1000,500000,1000,1000,2059,999000,1000,999000,1000
Optimal,20,0,1000000,1000,500000,1000,1000,2059,999000,1000,999000,1000
SECOND_CHANCE,20,0,1000000,1000,500000,1000,1000,1881,999000,1000,999000,1000
Optimal,20,0,1000000,1000,500000,1000,1000,1881,999000,1000,999000,1000
SECOND_CHANCE,20,0,1000000,1000,500000,1000,1000,1862,999000,1000,999000,1000
Optimal,20,0,1000000,1000,500000,1000,1000,1862,999000,1000,999000,1000
TWO_QUEUES,20,0.1,1000000,1000,500000,1000,1000,7601,899375,100625,926123,73877
Optimal,20,0.1,1000000,1000,500000,1000,1000,7601,926123,73877,926123,73877
TWO_QUEUES,20,0.1,1000000,1000,500000,1000,1000,7429,899375,100625,926123,73877
Optimal,20,0.1,1000000,1000,500000,1000,1000,7429,926123,73877,926123,73877
TWO_QUEUES,20,0.1,1000000,1000,500000,1000,1000,7405,899375,100625,926123,73877
Optimal,20,0.1,1000000,1000,500000,1000,1000,7405,926123,73877,926123,73877
LRU,20,0.1,1000000,1000,500000,1000,1000,10810,904573,95427,926123,73877
Optimal,20,0.1,1000000,1000,500000,1000,1000,10810,926123,73877,926123,73877
LRU,20,0.1,1000000,1000,500000,1000,1000,10495,904573,95427,926123,73877
Optimal,20,0.1,1000000,1000,500000,1000,1000,10495,926123,73877,926123,73877
LRU,20,0.1,1000000,1000,500000,1000,1000,10394,904573,95427,926123,73877
Optimal,20,0.1,1000000,1000,500000,1000,1000,10394,926123,73877,926123,73877
FIFO,20,0.1,1000000,1000,500000,1000,1000,5546,901508,98492,926123,73877
Optimal,20,0.1,1000000,1000,500000,1000,1000,5546,926123,73877,926123,73877
FIFO,20,0.1,1000000,1000,500000,1000,1000,5197,901508,98492,926123,73877
Optimal,20,0.1,1000000,1000,500000,1000,1000,5197,926123,73877,926123,73877
FIFO,20,0.1,1000000,1000,500000,1000,1000,5282,901508,98492,926123,73877
Optimal,20,0.1,1000000,1000,500000,1000,1000,5282,926123,73877,926123,73877
SECOND_CHANCE,20,0.1,1000000,1000,500000,1000,1000,5210,904556,95444,926123,73877
Optimal,20,0.1,1000000,1000,500000,1000,1000,5210,926123,73877,926123,73877
SECOND_CHANCE,20,0.1,1000000,1000,500000,1000,1000,5199,904556,95444,926123,73877
Optimal,20,0.1,1000000,1000,500000,1000,1000,5199,926123,73877,926123,73877
SECOND_CHANCE,20,0.1,1000000,1000,500000,1000,1000,5178,904556,95444,926123,73877
Optimal,20,0.1,1000000,1000,500000,1000,1000,5178,926123,73877,926123,73877
TWO_QUEUES,20,0.2,1000000,1000,500000,1000,1000,10353,799809,200191,853301,146699
Optimal,20,0.2,1000000,1000,500000,1000,1000,10353,853301,146699,853301,146699
TWO_QUEUES,20,0.2,1000000,1000,500000,1000,1000,10165,799809,200191,853301,146699
Optimal,20,0.2,1000000,1000,500000,1000,1000,10165,853301,146699,853301,146699
TWO_QUEUES,20,0.2,1000000,1000,500000,1000,1000,10207,799809,200191,853301,146699
Optimal,20,0.2,1000000,1000,500000,1000,1000,10207,853301,146699,853301,146699
LRU,20,0.2,1000000,1000,500000,1000,1000,13782,810287,189713,853301,146699
Optimal,20,0.2,1000000,1000,500000,1000,1000,13782,853301,146699,853301,146699
LRU,20,0.2,1000000,1000,500000,1000,1000,13467,810287,189713,853301,146699
Optimal,20,0.2,1000000,1000,500000,1000,1000,13467,853301,146699,853301,146699
LRU,20,0.2,1000000,1000,500000,1000,1000,13486,810287,189713,853301,146699
Optimal,20,0.2,1000000,1000,500000,1000,1000,13486,853301,146699,853301,146699
FIFO,20,0.2,1000000,1000,500000,1000,1000,9050,803700,196300,853301,146699
Optimal,20,0.2,1000000,1000,500000,1000,1000,9050,853301,146699,853301,146699
FIFO,20,0.2,1000000,1000,500000,1000,1000,8694,803700,196300,853301,146699
Optimal,20,0.2,1000000,1000,500000,1000,1000,8694,853301,146699,853301,146699
FIFO,20,0.2,1000000,1000,500000,1000,1000,8574,803700,196300,853301,146699
Optimal,20,0.2,1000000,1000,500000,1000,1000,8574,853301,146699,853301,146699
SECOND_CHANCE,20,0.2,1000000,1000,500000,1000,1000,8661,810281,189719,853301,146699
Optimal,20,0.2,1000000,1000,500000,1000,1000,8661,853301,146699,853301,146699
SECOND_CHANCE,20,0.2,1000000,1000,500000,1000,1000,8521,810281,189719,853301,146699
Optimal,20,0.2,1000000,1000,500000,1000,1000,8521,853301,146699,853301,146699
SECOND_CHANCE,20,0.2,1000000,1000,500000,1000,1000,8527,810281,189719,853301,146699
Optimal,20,0.2,1000000,1000,500000,1000,1000,8527,853301,146699,853301,146699
TWO_QUEUES,20,0.3,1000000,1000,500000,1000,1000,13325,701809,298191,780933,219067
Optimal,20,0.3,1000000,1000,500000,1000,1000,13325,780933,219067,780933,219067
TWO_QUEUES,20,0.3,1000000,1000,500000,1000,1000,12725,701809,298191,780933,219067
Optimal,20,0.3,1000000,1000,500000,1000,1000,12725,780933,219067,780933,219067
TWO_QUEUES,20,0.3,1000000,1000,500000,1000,1000,12740,701809,298191,780933,219067
Optimal,20,0.3,1000000,1000,500000,1000,1000,12740,780933,219067,780933,219067
LRU,20,0.3,1000000,1000,500000,1000,1000,17231,716414,283586,780933,219067
Optimal,20,0.3,1000000,1000,500000,1000,1000,17231,780933,219067,780933,219067
LRU,20,0.3,1000000,1000,500000,1000,1000,16844,716414,283586,780933,219067
Optimal,20,0.3,1000000,1000,500000,1000,1000,16844,780933,219067,780933,219067
LRU,20,0.3,1000000,1000,500000,1000,1000,16715,716414,283586,780933,219067
Optimal,20,0.3,1000000,1000,500000,1000,1000,16715,780933,219067,780933,219067
FIFO,20,0.3,1000000,1000,500000,1000,1000,12354,706371,293629,780933,219067
Optimal,20,0.3,1000000,1000,500000,1000,1000,12354,780933,219067,780933,219067
FIFO,20,0.3,1000000,1000,500000,1000,1000,12008,706371,293629,780933,219067
Optimal,20,0.3,1000000,1000,500000,1000,1000,12008,780933,219067,780933,219067
FIFO,20,0.3,1000000,1000,500000,1000,1000,11963,706371,293629,780933,219067
Optimal,20,0.3,1000000,1000,500000,1000,1000,11963,780933,219067,780933,219067
SECOND_CHANCE,20,0.3,1000000,1000,500000,1000,1000,12343,716373,283627,780933,219067
Optimal,20,0.3,1000000,1000,500000,1000,1000,12343,780933,219067,780933,219067
SECOND_CHANCE,20,0.3,1000000,1000,500000,1000,1000,11828,716373,283627,780933,219067
Optimal,20,0.3,1000000,1000,500000,1000,1000,11828,780933,219067,780933,219067
SECOND_CHANCE,20,0.3,1000000,1000,500000,1000,1000,11875,716373,283627,780933,219067
Optimal,20,0.3,1000000,1000,500000,1000,1000,11875,780933,219067,780933,219067
TWO_QUEUES,20,0.4,1000000,1000,500000,1000,1000,15663,603908,396092,707701,292299
Optimal,20,0.4,1000000,1000,500000,1000,1000,15663,707701,292299,707701,292299
TWO_QUEUES,20,0.4,1000000,1000,500000,1000,1000,15479,603908,396092,707701,292299
Optimal,20,0.4,1000000,1000,500000,1000,1000,15479,707701,292299,707701,292299
TWO_QUEUES,20,0.4,1000000,1000,500000,1000,1000,15488,603908,396092,707701,292299
Optimal,20,0.4,1000000,1000,500000,1000,1000,15488,707701,292299,707701,292299
LRU,20,0.4,1000000,1000,500000,1000,1000,20498,621646,378354,707701,292299
Optimal,20,0.4,1000000,1000,500000,1000,1000,20498,707701,292299,707701,292299
LRU,20,0.4,1000000,1000,500000,1000,1000,20046,621646,378354,707701,292299
Optimal,20,0.4,1000000,1000,500000,1000,1000,20046,707701,292299,707701,292299
LRU,20,0.4,1000000,1000,500000,1000,1000,20050,621646,378354,707701,292299
Optimal,20,0.4,1000000,1000,500000,1000,1000,20050,707701,292299,707701,292299
FIFO,20,0.4,1000000,1000,500000,1000,1000,15478,608246,391754,707701,292299
Optimal,20,0.4,1000000,1000,500000,1000,1000,15478,707701,292299,707701,292299
FIFO,20,0.4,1000000,1000,500000,1000,1000,15324,608246,391754,707701,292299
Optimal,20,0.4,1000000,1000,500000,1000,1000,15324,707701,292299,707701,292299
FIFO,20,0.4,1000000,1000,500000,1000,1000,15334,608246,391754,707701,292299
Optimal,20,0.4,1000000,1000,500000,1000,1000,15334,707701,292299,707701,292299
SECOND_CHANCE,20,0.4,1000000,1000,500000,1000,1000,15652,621616,378384,707701,292299
Optimal,20,0.4,1000000,1000,500000,1000,1000,15652,707701,292299,707701,292299
SECOND_CHANCE,20,0.4,1000000,1000,500000,1000,1000,15132,621616,378384,707701,292299
Optimal,20,0.4,1000000,1000,500000,1000,1000,15132,707701,292299,707701,292299
SECOND_CHANCE,20,0.4,1000000,1000,500000,1000,1000,15245,621616,378384,707701,292299
Optimal,20,0.4,1000000,1000,500000,1000,1000,15245,707701,292299,707701,292299
TWO_QUEUES,20,0.5,1000000,1000,500000,1000,1000,18397,506344,493656,635325,364675
Optimal,20,0.5,1000000,1000,500000,1000,1000,18397,635325,364675,635325,364675
TWO_QUEUES,20,0.5,1000000,1000,500000,1000,1000,18401,506344,493656,635325,364675
Optimal,20,0.5,1000000,1000,500000,1000,1000,18401,635325,364675,635325,364675
TWO_QUEUES,20,0.5,1000000,1000,500000,1000,1000,18315,506344,493656,635325,364675
Optimal,20,0.5,1000000,1000,500000,1000,1000,18315,635325,364675,635325,364675
LRU,20,0.5,1000000,1000,500000,1000,1000,24770,527989,472011,635325,364675
Optimal,20,0.5,1000000,1000,500000,1000,1000,24770,635325,364675,635325,364675
LRU,20,0.5,1000000,1000,500000,1000,1000,23357,527989,472011,635325,364675
Optimal,20,0.5,1000000,1000,500000,1000,1000,23357,635325,364675,635325,364675
LRU,20,0.5,1000000,1000,500000,1000,1000,23324,527989,472011,635325,364675
Optimal,20,0.5,1000000,1000,500000,1000,1000,23324,635325,364675,635325,364675
FIFO,20,0.5,1000000,1000,500000,1000,1000,19721,511196,488804,635325,364675
Optimal,20,0.5,1000000,1000,500000,1000,1000,19721,635325,364675,635325,364675
FIFO,20,0.5,1000000,1000,500000,1000,1000,18546,511196,488804,635325,364675
Optimal,20,0.5,1000000,1000,500000,1000,1000,18546,635325,364675,635325,364675
FIFO,20,0.5,1000000,1000,500000,1000,1000,18503,511196,488804,635325,364675
Optimal,20,0.5,1000000,1000,500000,1000,1000,18503,635325,364675,635325,364675
SECOND_CHANCE,20,0.5,1000000,1000,500000,1000,1000,19823,527978,472022,635325,364675
Optimal,20,0.5,1000000,1000,500000,1000,1000,19823,635325,364675,635325,364675
SECOND_CHANCE,20,0.5,1000000,1000,500000,1000,1000,18335,527978,472022,635325,364675
Optimal,20,0.5,1000000,1000,500000,1000,1000,18335,635325,364675,635325,364675
SECOND_CHANCE,20,0.5,1000000,1000,500000,1000,1000,18244,527978,472022,635325,364675
Optimal,20,0.5,1000000,1000,500000,1000,1000,18244,635325,364675,635325,364675
TWO_QUEUES,20,0.6,1000000,1000,500000,1000,1000,21151,409364,590636,561779,438221
Optimal,20,0.6,1000000,1000,500000,1000,1000,21151,561779,438221,561779,438221
TWO_QUEUES,20,0.6,1000000,1000,500000,1000,1000,21064,409364,590636,561779,438221
Optimal,20,0.6,1000000,1000,500000,1000,1000,21064,561779,438221,561779,438221
TWO_QUEUES,20,0.6,1000000,1000,500000,1000,1000,21070,409364,590636,561779,438221
Optimal,20,0.6,1000000,1000,500000,1000,1000,21070,561779,438221,561779,438221
LRU,20,0.6,1000000,1000,500000,1000,1000,27207,432974,567026,561779,438221
Optimal,20,0.6,1000000,1000,500000,1000,1000,27207,561779,438221,561779,438221
LRU,20,0.6,1000000,1000,500000,1000,1000,26772,432974,567026,561779,438221
Optimal,20,0.6,1000000,1000,500000,1000,1000,26772,561779,438221,561779,438221
LRU,20,0.6,1000000,1000,500000,1000,1000,26664,432974,567026,561779,438221
Optimal,20,0.6,1000000,1000,500000,1000,1000,26664,561779,438221,561779,438221
FIFO,20,0.6,1000000,1000,500000,1000,1000,21490,413258,586742,561779,438221
Optimal,20,0.6,1000000,1000,500000,1000,1000,21490,561779,438221,561779,438221
FIFO,20,0.6,1000000,1000,500000,1000,1000,21507,413258,586742,561779,438221
Optimal,20,0.6,1000000,1000,500000,1000,1000,21507,561779,438221,561779,438221
FIFO,20,0.6,1000000,1000,500000,1000,1000,21478,413258,586742,561779,438221
Optimal,20,0.6,1000000,1000,500000,1000,1000,21478,561779,438221,561779,438221
SECOND_CHANCE,20,0.6,1000000,1000,500000,1000,1000,21416,432943,567057,561779,438221
Optimal,20,0.6,1000000,1000,500000,1000,1000,21416,561779,438221,561779,438221
SECOND_CHANCE,20,0.6,1000000,1000,500000,1000,1000,21471,432943,567057,561779,438221
Optimal,20,0.6,1000000,1000,500000,1000,1000,21471,561779,438221,561779,438221
SECOND_CHANCE,20,0.6,1000000,1000,500000,1000,1000,21429,432943,567057,561779,438221
Optimal,20,0.6,1000000,1000,500000,1000,1000,21429,561779,438221,561779,438221
TWO_QUEUES,20,0.7,1000000,1000,500000,1000,1000,24400,312812,687188,489092,510908
Optimal,20,0.7,1000000,1000,500000,1000,1000,24400,489092,510908,489092,510908
TWO_QUEUES,20,0.7,1000000,1000,500000,1000,1000,23740,312812,687188,489092,510908
Optimal,20,0.7,1000000,1000,500000,1000,1000,23740,489092,510908,489092,510908
TWO_QUEUES,20,0.7,1000000,1000,500000,1000,1000,23797,312812,687188,489092,510908
Optimal,20,0.7,1000000,1000,500000,1000,1000,23797,489092,510908,489092,510908
LRU,20,0.7,1000000,1000,500000,1000,1000,30136,339047,660953,489092,510908
Optimal,20,0.7,1000000,1000,500000,1000,1000,30136,489092,510908,489092,510908
LRU,20,0.7,1000000,1000,500000,1000,1000,29750,339047,660953,489092,510908
Optimal,20,0.7,1000000,1000,500000,1000,1000,29750,489092,510908,489092,510908
LRU,20,0.7,1000000,1000,500000,1000,1000,30190,339047,660953,489092,510908
Optimal,20,0.7,1000000,1000,500000,1000,1000,30190,489092,510908,489092,510908
FIFO,20,0.7,1000000,1000,500000,1000,1000,24540,316693,683307,489092,510908
Optimal,20,0.7,1000000,1000,500000,1000,1000,24540,489092,510908,489092,510908
FIFO,20,0.7,1000000,1000,500000,1000,1000,24236,316693,683307,489092,510908
Optimal,20,0.7,1000000,1000,500000,1000,1000,24236,489092,510908,489092,510908
FIFO,20,0.7,1000000,1000,500000,1000,1000,24394,316693,683307,489092,510908
Optimal,20,0.7,1000000,1000,500000,1000,1000,24394,489092,510908,489092,510908
SECOND_CHANCE,20,0.7,1000000,1000,500000,1000,1000,24636,339005,660995,489092,510908
Optimal,20,0.7,1000000,1000,500000,1000,1000,24636,489092,510908,489092,510908
SECOND_CHANCE,20,0.7,1000000,1000,500000,1000,1000,24205,339005,660995,489092,510908
Optimal,20,0.7,1000000,1000,500000,1000,1000,24205,489092,510908,489092,510908
SECOND_CHANCE,20,0.7,1000000,1000,500000,1000,1000,24162,339005,660995,489092,510908
Optimal,20,0.7,1000000,1000,500000,1000,1000,24162,489092,510908,489092,510908
TWO_QUEUES,20,0.8,1000000,1000,500000,1000,1000,26432,216491,783509,416363,583637
Optimal,20,0.8,1000000,1000,500000,1000,1000,26432,416363,583637,416363,583637
TWO_QUEUES,20,0.8,1000000,1000,500000,1000,1000,26566,216491,783509,416363,583637
Optimal,20,0.8,1000000,1000,500000,1000,1000,26566,416363,583637,416363,583637
TWO_QUEUES,20,0.8,1000000,1000,500000,1000,1000,26209,216491,783509,416363,583637
Optimal,20,0.8,1000000,1000,500000,1000,1000,26209,416363,583637,416363,583637
LRU,20,0.8,1000000,1000,500000,1000,1000,33140,243967,756033,416363,583637
Optimal,20,0.8,1000000,1000,500000,1000,1000,33140,416363,583637,416363,583637
LRU,20,0.8,1000000,1000,500000,1000,1000,32666,243967,756033,416363,583637
Optimal,20,0.8,1000000,1000,500000,1000,1000,32666,416363,583637,416363,583637
LRU,20,0.8,1000000,1000,500000,1000,1000,32633,243967,756033,416363,583637
Optimal,20,0.8,1000000,1000,500000,1000,1000,32633,416363,583637,416363,583637
FIFO,20,0.8,1000000,1000,500000,1000,1000,27199,220990,779010,416363,583637
Optimal,20,0.8,1000000,1000,500000,1000,1000,27199,416363,583637,416363,583637
FIFO,20,0.8,1000000,1000,500000,1000,1000,26695,220990,779010,416363,583637
Optimal,20,0.8,1000000,1000,500000,1000,1000,26695,416363,583637,416363,583637
FIFO,20,0.8,1000000,1000,500000,1000,1000,26629,220990,779010,416363,583637
Optimal,20,0.8,1000000,1000,500000,1000,1000,26629,416363,583637,416363,583637
SECOND_CHANCE,20,0.8,1000000,1000,500000,1000,1000,26901,244525,755475,416363,583637
Optimal,20,0.8,1000000,1000,500000,1000,1000,26901,416363,583637,416363,583637
SECOND_CHANCE,20,0.8,1000000,1000,500000,1000,1000,26646,244525,755475,416363,583637
Optimal,20,0.8,1000000,1000,500000,1000,1000,26646,416363,583637,416363,583637
SECOND_CHANCE,20,0.8,1000000,1000,500000,1000,1000,26870,244525,755475,416363,583637
Optimal,20,0.8,1000000,1000,500000,1000,1000,26870,416363,583637,416363,583637
TWO_QUEUES,20,0.9,1000000,1000,500000,1000,1000,28506,124404,875596,343243,656757
Optimal,20,0.9,1000000,1000,500000,1000,1000,28506,343243,656757,343243,656757
TWO_QUEUES,20,0.9,1000000,1000,500000,1000,1000,28095,124404,875596,343243,656757
Optimal,20,0.9,1000000,1000,500000,1000,1000,28095,343243,656757,343243,656757
TWO_QUEUES,20,0.9,1000000,1000,500000,1000,1000,28087,124404,875596,343243,656757
Optimal,20,0.9,1000000,1000,500000,1000,1000,28087,343243,656757,343243,656757
LRU,20,0.9,1000000,1000,500000,1000,1000,35897,143585,856415,343243,656757
Optimal,20,0.9,1000000,1000,500000,1000,1000,35897,343243,656757,343243,656757
LRU,20,0.9,1000000,1000,500000,1000,1000,35227,143585,856415,343243,656757
Optimal,20,0.9,1000000,1000,500000,1000,1000,35227,343243,656757,343243,656757
LRU,20,0.9,1000000,1000,500000,1000,1000,35190,143585,856415,343243,656757
Optimal,20,0.9,1000000,1000,500000,1000,1000,35190,343243,656757,343243,656757
FIFO,20,0.9,1000000,1000,500000,1000,1000,29391,127868,872132,343243,656757
Optimal,20,0.9,1000000,1000,500000,1000,1000,29391,343243,656757,343243,656757
FIFO,20,0.9,1000000,1000,500000,1000,1000,28657,127868,872132,343243,656757
Optimal,20,0.9,1000000,1000,500000,1000,1000,28657,343243,656757,343243,656757
FIFO,20,0.9,1000000,1000,500000,1000,1000,28746,127868,872132,343243,656757
Optimal,20,0.9,1000000,1000,500000,1000,1000,28746,343243,656757,343243,656757
SECOND_CHANCE,20,0.9,1000000,1000,500000,1000,1000,30795,147024,852976,343243,656757
Optimal,20,0.9,1000000,1000,500000,1000,1000,30795,343243,656757,343243,656757
SECOND_CHANCE,20,0.9,1000000,1000,500000,1000,1000,29093,147024,852976,343243,656757
Optimal,20,0.9,1000000,1000,500000,1000,1000,29093,343243,656757,343243,656757
SECOND_CHANCE,20,0.9,1000000,1000,500000,1000,1000,29573,147024,852976,343243,656757
Optimal,20,0.9,1000000,1000,500000,1000,1000,29573,343243,656757,343243,656757
TWO_QUEUES,20,1,1000000,1000,500000,1000,1000,29494,53149,946851,277177,722823
Optimal,20,1,1000000,1000,500000,1000,1000,29494,277177,722823,277177,722823
TWO_QUEUES,20,1,1000000,1000,500000,1000,1000,29082,53149,946851,277177,722823
Optimal,20,1,1000000,1000,500000,1000,1000,29082,277177,722823,277177,722823
TWO_QUEUES,20,1,1000000,1000,500000,1000,1000,28996,53149,946851,277177,722823
Optimal,20,1,1000000,1000,500000,1000,1000,28996,277177,722823,277177,722823
LRU,20,1,1000000,1000,500000,1000,1000,37088,59116,940884,277177,722823
Optimal,20,1,1000000,1000,500000,1000,1000,37088,277177,722823,277177,722823
LRU,20,1,1000000,1000,500000,1000,1000,37612,59116,940884,277177,722823
Optimal,20,1,1000000,1000,500000,1000,1000,37612,277177,722823,277177,722823
LRU,20,1,1000000,1000,500000,1000,1000,37021,59116,940884,277177,722823
Optimal,20,1,1000000,1000,500000,1000,1000,37021,277177,722823,277177,722823
FIFO,20,1,1000000,1000,500000,1000,1000,29904,59024,940976,277177,722823
Optimal,20,1,1000000,1000,500000,1000,1000,29904,277177,722823,277177,722823
FIFO,20,1,1000000,1000,500000,1000,1000,29655,59024,940976,277177,722823
Optimal,20,1,1000000,1000,500000,1000,1000,29655,277177,722823,277177,722823
FIFO,20,1,1000000,1000,500000,1000,1000,29721,59024,940976,277177,722823
Optimal,20,1,1000000,1000,500000,1000,1000,29721,277177,722823,277177,722823
SECOND_CHANCE,20,1,1000000,1000,500000,1000,1000,30653,59130,940870,277177,722823
Optimal,20,1,1000000,1000,500000,1000,1000,30653,277177,722823,277177,722823
SECOND_CHANCE,20,1,1000000,1000,500000,1000,1000,30584,59130,940870,277177,722823
Optimal,20,1,1000000,1000,500000,1000,1000,30584,277177,722823,277177,722823
SECOND_CHANCE,20,1,1000000,1000,500000,1000,1000,30467,59130,940870,277177,722823
Optimal,20,1,1000000,1000,500000,1000,1000,30467,277177,722823,277177,722823
TWO_QUEUES,25,0,1000000,1000,500000,1000,1000,5731,999000,1000,999000,1000
Optimal,25,0,1000000,1000,500000,1000,1000,5731,999000,1000,999000,1000
TWO_QUEUES,25,0,1000000,1000,500000,1000,1000,5591,999000,1000,999000,1000
Optimal,25,0,1000000,1000,500000,1000,1000,5591,999000,1000,999000,1000
TWO_QUEUES,25,0,1000000,1000,500000,1000,1000,5581,999000,1000,999000,1000
Optimal,25,0,1000000,1000,500000,1000,1000,5581,999000,1000,999000,1000
LRU,25,0,1000000,1000,500000,1000,1000,9466,999000,1000,999000,1000
Optimal,25,0,1000000,1000,500000,1000,1000,9466,999000,1000,999000,1000
LRU,25,0,1000000,1000,500000,1000,1000,9111,999000,1000,999000,1000
Optimal,25,0,1000000,1000,500000,1000,1000,9111,999000,1000,999000,1000
LRU,25,0,1000000,1000,500000,1000,1000,9122,999000,1000,999000,1000
Optimal,25,0,1000000,1000,500000,1000,1000,9122,999000,1000,999000,1000
FIFO,25,0,1000000,1000,500000,1000,1000,2417,999000,1000,999000,1000
Optimal,25,0,1000000,1000,500000,1000,1000,2417,999000,1000,999000,1000
FIFO,25,0,1000000,1000,500000,1000,1000,2276,999000,1000,999000,1000
Optimal,25,0,1000000,1000,500000,1000,1000,2276,999000,1000,999000,1000
FIFO,25,0,1000000,1000,500000,1000,1000,2276,999000,1000,999000,1000
Optimal,25,0,1000000,1000,500000,1000,1000,2276,999000,1000,999000,1000
SECOND_CHANCE,25,0,1000000,1000,500000,1000,1000,2487,999000,1000,999000,1000
Optimal,25,0,1000000,1000,500000,1000,1000,2487,999000,1000,999000,1000
SECOND_CHANCE,25,0,1000000,1000,500000,1000,1000,2359,999000,1000,999000,1000
Optimal,25,0,1000000,1000,500000,1000,1000,2359,999000,1000,999000,1000
SECOND_CHANCE,25,0,1000000,1000,500000,1000,1000,2284,999000,1000,999000,1000
Optimal,25,0,1000000,1000,500000,1000,1000,2284,999000,1000,999000,1000
TWO_QUEUES,25,0.1,1000000,1000,500000,1000,1000,9123,901326,98674,929595,70405
Optimal,25,0.1,1000000,1000,500000,1000,1000,9123,929595,70405,929595,70405
TWO_QUEUES,25,0.1,1000000,1000,500000,1000,1000,8746,901326,98674,929595,70405
Optimal,25,0.1,1000000,1000,500000,1000,1000,8746,929595,70405,929595,70405
TWO_QUEUES,25,0.1,1000000,1000,500000,1000,1000,8686,901326,98674,929595,70405
Optimal,25,0.1,1000000,1000,500000,1000,1000,8686,929595,70405,929595,70405
LRU,25,0.1,1000000,1000,500000,1000,1000,13390,905756,94244,929595,70405
Optimal,25,0.1,1000000,1000,500000,1000,1000,13390,929595,70405,929595,70405
LRU,25,0.1,1000000,1000,500000,1000,1000,12899,905756,94244,929595,70405
Optimal,25,0.1,1000000,1000,500000,1000,1000,12899,929595,70405,929595,70405
LRU,25,0.1,1000000,1000,500000,1000,1000,12922,905756,94244,929595,70405
Optimal,25,0.1,1000000,1000,500000,1000,1000,12922,929595,70405,929595,70405
FIFO,25,0.1,1000000,1000,500000,1000,1000,6224,903417,96583,929595,70405
Optimal,25,0.1,1000000,1000,500000,1000,1000,6224,929595,70405,929595,70405
FIFO,25,0.1,1000000,1000,500000,1000,1000,6092,903417,96583,929595,70405
Optimal,25,0.1,1000000,1000,500000,1000,1000,6092,929595,70405,929595,70405
FIFO,25,0.1,1000000,1000,500000,1000,1000,6263,903417,96583,929595,70405
Optimal,25,0.1,1000000,1000,500000,1000,1000,6263,929595,70405,929595,70405
SECOND_CHANCE,25,0.1,1000000,1000,500000,1000,1000,6740,905743,94257,929595,70405
Optimal,25,0.1,1000000,1000,500000,1000,1000,6740,929595,70405,929595,70405
SECOND_CHANCE,25,0.1,1000000,1000,500000,1000,1000,6383,905743,94257,929595,70405
Optimal,25,0.1,1000000,1000,500000,1000,1000,6383,929595,70405,929595,70405
SECOND_CHANCE,25,0.1,1000000,1000,500000,1000,1000,6456,905743,94257,929595,70405
Optimal,25,0.1,1000000,1000,500000,1000,1000,6456,929595,70405,929595,70405
TWO_QUEUES,25,0.2,1000000,1000,500000,1000,1000,12257,804279,195721,860650,139350
Optimal,25,0.2,1000000,1000,500000,1000,1000,12257,860650,139350,860650,139350
TWO_QUEUES,25,0.2,1000000,1000,500000,1000,1000,11809,804279,195721,860650,139350
Optimal,25,0.2,1000000,1000,500000,1000,1000,11809,860650,139350,860650,139350
TWO_QUEUES,25,0.2,1000000,1000,500000,1000,1000,11764,804279,195721,860650,139350
Optimal,25,0.2,1000000,1000,500000,1000,1000,11764,860650,139350,860650,139350
LRU,25,0.2,1000000,1000,500000,1000,1000,16941,813069,186931,860650,139350
Optimal,25,0.2,1000000,1000,500000,1000,1000,16941,860650,139350,860650,139350
LRU,25,0.2,1000000,1000,500000,1000,1000,16615,813069,186931,860650,139350
Optimal,25,0.2,1000000,1000,500000,1000,1000,16615,860650,139350,860650,139350
LRU,25,0.2,1000000,1000,500000,1000,1000,16599,813069,186931,860650,139350
Optimal,25,0.2,1000000,1000,500000,1000,1000,16599,860650,139350,860650,139350
FIFO,25,0.2,1000000,1000,500000,1000,1000,10210,807959,192041,860650,139350
Optimal,25,0.2,1000000,1000,500000,1000,1000,10210,860650,139350,860650,139350
FIFO,25,0.2,1000000,1000,500000,1000,1000,9832,807959,192041,860650,139350
Optimal,25,0.2,1000000,1000,500000,1000,1000,9832,860650,139350,860650,139350
FIFO,25,0.2,1000000,1000,500000,1000,1000,9845,807959,192041,860650,139350
Optimal,25,0.2,1000000,1000,500000,1000,1000,9845,860650,139350,860650,139350
SECOND_CHANCE,25,0.2,1000000,1000,500000,1000,1000,10295,813125,186875,860650,139350
Optimal,25,0.2,1000000,1000,500000,1000,1000,10295,860650,139350,860650,139350
SECOND_CHANCE,25,0.2,1000000,1000,500000,1000,1000,10302,813125,186875,860650,139350
Optimal,25,0.2,1000000,1000,500000,1000,1000,10302,860650,139350,860650,139350
SECOND_CHANCE,25,0.2,1000000,1000,500000,1000,1000,10237,813125,186875,860650,139350
Optimal,25,0.2,1000000,1000,500000,1000,1000,10237,860650,139350,860650,139350
TWO_QUEUES,25,0.3,1000000,1000,500000,1000,1000,15213,708247,291753,791770,208230
Optimal,25,0.3,1000000,1000,500000,1000,1000,15213,791770,208230,791770,208230
TWO_QUEUES,25,0.3,1000000,1000,500000,1000,1000,15090,708247,291753,791770,208230
Optimal,25,0.3,1000000,1000,500000,1000,1000,15090,791770,208230,791770,208230
TWO_QUEUES,25,0.3,1000000,1000,500000,1000,1000,15063,708247,291753,791770,208230
Optimal,25,0.3,1000000,1000,500000,1000,1000,15063,791770,208230,791770,208230
LRU,25,0.3,1000000,1000,500000,1000,1000,20830,720798,279202,791770,208230
Optimal,25,0.3,1000000,1000,500000,1000,1000,20830,791770,208230,791770,208230
LRU,25,0.3,1000000,1000,500000,1000,1000,20438,720798,279202,791770,208230
Optimal,25,0.3,1000000,1000,500000,1000,1000,20438,791770,208230,791770,208230
LRU,25,0.3,1000000,1000,500000,1000,1000,20373,720798,279202,791770,208230
Optimal,25,0.3,1000000,1000,500000,1000,1000,20373,791770,208230,791770,208230
FIFO,25,0.3,1000000,1000,500000,1000,1000,14125,712946,287054,791770,208230
Optimal,25,0.3,1000000,1000,500000,1000,1000,14125,791770,208230,791770,208230
FIFO,25,0.3,1000000,1000,500000,1000,1000,13670,712946,287054,791770,208230
Optimal,25,0.3,1000000,1000,500000,1000,1000,13670,791770,208230,791770,208230
FIFO,25,0.3,1000000,1000,500000,1000,1000,13748,712946,287054,791770,208230
Optimal,25,0.3,1000000,1000,500000,1000,1000,13748,791770,208230,791770,208230
SECOND_CHANCE,25,0.3,1000000,1000,500000,1000,1000,14696,720790,279210,791770,208230
Optimal,25,0.3,1000000,1000,500000,1000,1000,14696,791770,208230,791770,208230
SECOND_CHANCE,25,0.3,1000000,1000,500000,1000,1000,14243,720790,279210,791770,208230
Optimal,25,0.3,1000000,1000,500000,1000,1000,14243,791770,208230,791770,208230
SECOND_CHANCE,25,0.3,1000000,1000,500000,1000,1000,14148,720790,279210,791770,208230
Optimal,25,0.3,1000000,1000,500000,1000,1000,14148,791770,208230,791770,208230
TWO_QUEUES,25,0.4,1000000,1000,500000,1000,1000,18692,611514,388486,722206,277794
Optimal,25,0.4,1000000,1000,500000,1000,1000,18692,722206,277794,722206,277794
TWO_QUEUES,25,0.4,1000000,1000,500000,1000,1000,18458,611514,388486,722206,277794
Optimal,25,0.4,1000000,1000,500000,1000,1000,18458,722206,277794,722206,277794
TWO_QUEUES,25,0.4,1000000,1000,500000,1000,1000,18405,611514,388486,722206,277794
Optimal,25,0.4,1000000,1000,500000,1000,1000,18405,722206,277794,722206,277794
LRU,25,0.4,1000000,1000,500000,1000,1000,24960,627421,372579,722206,277794
Optimal,25,0.4,1000000,1000,500000,1000,1000,24960,722206,277794,722206,277794
LRU,25,0.4,1000000,1000,500000,1000,1000,24400,627421,372579,722206,277794
Optimal,25,0.4,1000000,1000,500000,1000,1000,24400,722206,277794,722206,277794
LRU,25,0.4,1000000,1000,500000,1000,1000,24313,627421,372579,722206,277794
Optimal,25,0.4,1000000,1000,500000,1000,1000,24313,722206,277794,722206,277794
FIFO,25,0.4,1000000,1000,500000,1000,1000,18203,616858,383142,722206,277794
Optimal,25,0.4,1000000,1000,500000,1000,1000,18203,722206,277794,722206,277794
FIFO,25,0.4,1000000,1000,500000,1000,1000,17447,616858,383142,722206,277794
Optimal,25,0.4,1000000,1000,500000,1000,1000,17447,722206,277794,722206,277794
FIFO,25,0.4,1000000,1000,500000,1000,1000,17385,616858,383142,722206,277794
Optimal,25,0.4,1000000,1000,500000,1000,1000,17385,722206,277794,722206,277794
SECOND_CHANCE,25,0.4,1000000,1000,500000,1000,1000,18745,627353,372647,722206,277794
Optimal,25,0.4,1000000,1000,500000,1000,1000,18745,722206,277794,722206,277794
SECOND_CHANCE,25,0.4,1000000,1000,500000,1000,1000,18154,627353,372647,722206,277794
Optimal,25,0.4,1000000,1000,500000,1000,1000,18154,722206,277794,722206,277794
SECOND_CHANCE,25,0.4,1000000,1000,500000,1000,1000,18210,627353,372647,722206,277794
Optimal,25,0.4,1000000,1000,500000,1000,1000,18210,722206,277794,722206,277794
TWO_QUEUES,25,0.5,1000000,1000,500000,1000,1000,22252,515257,484743,652752,347248
Optimal,25,0.5,1000000,1000,500000,1000,1000,22252,652752,347248,652752,347248
TWO_QUEUES,25,0.5,1000000,1000,500000,1000,1000,21920,515257,484743,652752,347248
Optimal,25,0.5,1000000,1000,500000,1000,1000,21920,652752,347248,652752,347248
TWO_QUEUES,25,0.5,1000000,1000,500000,1000,1000,21750,515257,484743,652752,347248
Optimal,25,0.5,1000000,1000,500000,1000,1000,21750,652752,347248,652752,347248
LRU,25,0.5,1000000,1000,500000,1000,1000,28692,534638,465362,652752,347248
Optimal,25,0.5,1000000,1000,500000,1000,1000,28692,652752,347248,652752,347248
LRU,25,0.5,1000000,1000,500000,1000,1000,28368,534638,465362,652752,347248
Optimal,25,0.5,1000000,1000,500000,1000,1000,28368,652752,347248,652752,347248
LRU,25,0.5,1000000,1000,500000,1000,1000,28432,534638,465362,652752,347248
Optimal,25,0.5,1000000,1000,500000,1000,1000,28432,652752,347248,652752,347248
FIFO,25,0.5,1000000,1000,500000,1000,1000,21874,521453,478547,652752,347248
Optimal,25,0.5,1000000,1000,500000,1000,1000,21874,652752,347248,652752,347248
FIFO,25,0.5,1000000,1000,500000,1000,1000,21174,521453,478547,652752,347248
Optimal,25,0.5,1000000,1000,500000,1000,1000,21174,652752,347248,652752,347248
FIFO,25,0.5,1000000,1000,500000,1000,1000,21214,521453,478547,652752,347248
Optimal,25,0.5,1000000,1000,500000,1000,1000,21214,652752,347248,652752,347248
SECOND_CHANCE,25,0.5,1000000,1000,500000,1000,1000,22129,534602,465398,652752,347248
Optimal,25,0.5,1000000,1000,500000,1000,1000,22129,652752,347248,652752,347248
SECOND_CHANCE,25,0.5,1000000,1000,500000,1000,1000,22188,534602,465398,652752,347248
Optimal,25,0.5,1000000,1000,500000,1000,1000,22188,652752,347248,652752,347248
SECOND_CHANCE,25,0.5,1000000,1000,500000,1000,1000,22033,534602,465398,652752,347248
Optimal,25,0.5,1000000,1000,500000,1000,1000,22033,652752,347248,652752,347248
TWO_QUEUES,25,0.6,1000000,1000,500000,1000,1000,25686,419925,580075,583736,416264
Optimal,25,0.6,1000000,1000,500000,1000,1000,25686,583736,416264,583736,416264
TWO_QUEUES,25,0.6,1000000,1000,500000,1000,1000,25285,419925,580075,583736,416264
Optimal,25,0.6,1000000,1000,500000,1000,1000,25285,583736,416264,583736,416264
TWO_QUEUES,25,0.6,1000000,1000,500000,1000,1000,25212,419925,580075,583736,416264
Optimal,25,0.6,1000000,1000,500000,1000,1000,25212,583736,416264,583736,416264
LRU,25,0.6,1000000,1000,500000,1000,1000,32693,441591,558409,583736,416264
Optimal,25,0.6,1000000,1000,500000,1000,1000,32693,583736,416264,583736,416264
LRU,25,0.6,1000000,1000,500000,1000,1000,32149,441591,558409,583736,416264
Optimal,25,0.6,1000000,1000,500000,1000,1000,32149,583736,416264,583736,416264
LRU,25,0.6,1000000,1000,500000,1000,1000,32182,441591,558409,583736,416264
Optimal,25,0.6,1000000,1000,500000,1000,1000,32182,583736,416264,583736,416264
FIFO,25,0.6,1000000,1000,500000,1000,1000,25696,425930,574070,583736,416264
Optimal,25,0.6,1000000,1000,500000,1000,1000,25696,583736,416264,583736,416264
FIFO,25,0.6,1000000,1000,500000,1000,1000,24527,425930,574070,583736,416264
Optimal,25,0.6,1000000,1000,500000,1000,1000,24527,583736,416264,583736,416264
FIFO,25,0.6,1000000,1000,500000,1000,1000,24690,425930,574070,583736,416264
Optimal,25,0.6,1000000,1000,500000,1000,1000,24690,583736,416264,583736,416264
SECOND_CHANCE,25,0.6,1000000,1000,500000,1000,1000,26002,441572,558428,583736,416264
Optimal,25,0.6,1000000,1000,500000,1000,1000,26002,583736,416264,583736,416264
SECOND_CHANCE,25,0.6,1000000,1000,500000,1000,1000,25618,441572,558428,583736,416264
Optimal,25,0.6,1000000,1000,500000,1000,1000,25618,583736,416264,583736,416264
SECOND_CHANCE,25,0.6,1000000,1000,500000,1000,1000,25765,441572,558428,583736,416264
Optimal,25,0.6,1000000,1000,500000,1000,1000,25765,583736,416264,583736,416264
TWO_QUEUES,25,0.7,1000000,1000,500000,1000,1000,28948,325608,674392,514337,485663
Optimal,25,0.7,1000000,1000,500000,1000,1000,28948,514337,485663,514337,485663
TWO_QUEUES,25,0.7,1000000,1000,500000,1000,1000,29003,325608,674392,514337,485663
Optimal,25,0.7,1000000,1000,500000,1000,1000,29003,514337,485663,514337,485663
TWO_QUEUES,25,0.7,1000000,1000,500000,1000,1000,28641,325608,674392,514337,485663
Optimal,25,0.7,1000000,1000,500000,1000,1000,28641,514337,485663,514337,485663
LRU,25,0.7,1000000,1000,500000,1000,1000,36101,348936,651064,514337,485663
Optimal,25,0.7,1000000,1000,500000,1000,1000,36101,514337,485663,514337,485663
LRU,25,0.7,1000000,1000,500000,1000,1000,35833,348936,651064,514337,485663
Optimal,25,0.7,1000000,1000,500000,1000,1000,35833,514337,485663,514337,485663
LRU,25,0.7,1000000,1000,500000,1000,1000,35766,348936,651064,514337,485663
Optimal,25,0.7,1000000,1000,500000,1000,1000,35766,514337,485663,514337,485663
FIFO,25,0.7,1000000,1000,500000,1000,1000,28324,331246,668754,514337,485663
Optimal,25,0.7,1000000,1000,500000,1000,1000,28324,514337,485663,514337,485663
FIFO,25,0.7,1000000,1000,500000,1000,1000,27981,331246,668754,514337,485663
Optimal,25,0.7,1000000,1000,500000,1000,1000,27981,514337,485663,514337,485663
FIFO,25,0.7,1000000,1000,500000,1000,1000,27814,331246,668754,514337,485663
Optimal,25,0.7,1000000,1000,500000,1000,1000,27814,514337,485663,514337,485663
SECOND_CHANCE,25,0.7,1000000,1000,500000,1000,1000,29241,348969,651031,514337,485663
Optimal,25,0.7,1000000,1000,500000,1000,1000,29241,514337,485663,514337,485663
SECOND_CHANCE,25,0.7,1000000,1000,500000,1000,1000,29035,348969,651031,514337,485663
Optimal,25,0.7,1000000,1000,500000,1000,1000,29035,514337,485663,514337,485663
SECOND_CHANCE,25,0.7,1000000,1000,500000,1000,1000,29184,348969,651031,514337,485663
Optimal,25,0.7,1000000,1000,500000,1000,1000,29184,514337,485663,514337,485663
TWO_QUEUES,25,0.8,1000000,1000,500000,1000,1000,31789,231602,768398,445686,554314
Optimal,25,0.8,1000000,1000,500000,1000,1000,31789,445686,554314,445686,554314
TWO_QUEUES,25,0.8,1000000,1000,500000,1000,1000,31293,231602,768398,445686,554314
Optimal,25,0.8,1000000,1000,500000,1000,1000,31293,445686,554314,445686,554314
TWO_QUEUES,25,0.8,1000000,1000,500000,1000,1000,31298,231602,768398,445686,554314
Optimal,25,0.8,1000000,1000,500000,1000,1000,31298,445686,554314,445686,554314
LRU,25,0.8,1000000,1000,500000,1000,1000,39394,255888,744112,445686,554314
Optimal,25,0.8,1000000,1000,500000,1000,1000,39394,445686,554314,445686,554314
LRU,25,0.8,1000000,1000,500000,1000,1000,39610,255888,744112,445686,554314
Optimal,25,0.8,1000000,1000,500000,1000,1000,39610,445686,554314,445686,554314
LRU,25,0.8,1000000,1000,500000,1000,1000,38997,255888,744112,445686,554314
Optimal,25,0.8,1000000,1000,500000,1000,1000,38997,445686,554314,445686,554314
FIFO,25,0.8,1000000,1000,500000,1000,1000,30749,236828,763172,445686,554314
Optimal,25,0.8,1000000,1000,500000,1000,1000,30749,445686,554314,445686,554314
FIFO,25,0.8,1000000,1000,500000,1000,1000,30709,236828,763172,445686,554314
Optimal,25,0.8,1000000,1000,500000,1000,1000,30709,445686,554314,445686,554314
FIFO,25,0.8,1000000,1000,500000,1000,1000,30649,236828,763172,445686,554314
Optimal,25,0.8,1000000,1000,500000,1000,1000,30649,445686,554314,445686,554314
SECOND_CHANCE,25,0.8,1000000,1000,500000,1000,1000,32425,256096,743904,445686,554314
Optimal,25,0.8,1000000,1000,500000,1000,1000,32425,445686,554314,445686,554314
SECOND_CHANCE,25,0.8,1000000,1000,500000,1000,1000,32118,256096,743904,445686,554314
Optimal,25,0.8,1000000,1000,500000,1000,1000,32118,445686,554314,445686,554314
SECOND_CHANCE,25,0.8,1000000,1000,500000,1000,1000,32089,256096,743904,445686,554314
Optimal,25,0.8,1000000,1000,500000,1000,1000,32089,445686,554314,445686,554314
TWO_QUEUES,25,0.9,1000000,1000,500000,1000,1000,34440,139938,860062,376324,623676
Optimal,25,0.9,1000000,1000,500000,1000,1000,34440,376324,623676,376324,623676
TWO_QUEUES,25,0.9,1000000,1000,500000,1000,1000,33815,139938,860062,376324,623676
Optimal,25,0.9,1000000,1000,500000,1000,1000,33815,376324,623676,376324,623676
TWO_QUEUES,25,0.9,1000000,1000,500000,1000,1000,33882,139938,860062,376324,623676
Optimal,25,0.9,1000000,1000,500000,1000,1000,33882,376324,623676,376324,623676
LRU,25,0.9,1000000,1000,500000,1000,1000,42295,159976,840024,376324,623676
Optimal,25,0.9,1000000,1000,500000,1000,1000,42295,376324,623676,376324,623676
LRU,25,0.9,1000000,1000,500000,1000,1000,41970,159976,840024,376324,623676
Optimal,25,0.9,1000000,1000,500000,1000,1000,41970,376324,623676,376324,623676
LRU,25,0.9,1000000,1000,500000,1000,1000,42028,159976,840024,376324,623676
Optimal,25,0.9,1000000,1000,500000,1000,1000,42028,376324,623676,376324,623676
FIFO,25,0.9,1000000,1000,500000,1000,1000,33290,144953,855047,376324,623676
Optimal,25,0.9,1000000,1000,500000,1000,1000,33290,376324,623676,376324,623676
FIFO,25,0.9,1000000,1000,500000,1000,1000,32691,144953,855047,376324,623676
Optimal,25,0.9,1000000,1000,500000,1000,1000,32691,376324,623676,376324,623676
FIFO,25,0.9,1000000,1000,500000,1000,1000,32750,144953,855047,376324,623676
Optimal,25,0.9,1000000,1000,500000,1000,1000,32750,376324,623676,376324,623676
SECOND_CHANCE,25,0.9,1000000,1000,500000,1000,1000,34996,162122,837878,376324,623676
Optimal,25,0.9,1000000,1000,500000,1000,1000,34996,376324,623676,376324,623676
SECOND_CHANCE,25,0.9,1000000,1000,500000,1000,1000,34518,162122,837878,376324,623676
Optimal,25,0.9,1000000,1000,500000,1000,1000,34518,376324,623676,376324,623676
SECOND_CHANCE,25,0.9,1000000,1000,500000,1000,1000,34398,162122,837878,376324,623676
Optimal,25,0.9,1000000,1000,500000,1000,1000,34398,376324,623676,376324,623676
TWO_QUEUES,25,1,1000000,1000,500000,1000,1000,35335,66364,933636,312645,687355
Optimal,25,1,1000000,1000,500000,1000,1000,35335,312645,687355,312645,687355
TWO_QUEUES,25,1,1000000,1000,500000,1000,1000,34942,66364,933636,312645,687355
Optimal,25,1,1000000,1000,500000,1000,1000,34942,312645,687355,312645,687355
TWO_QUEUES,25,1,1000000,1000,500000,1000,1000,34860,66364,933636,312645,687355
Optimal,25,1,1000000,1000,500000,1000,1000,34860,312645,687355,312645,687355
LRU,25,1,1000000,1000,500000,1000,1000,44485,73598,926402,312645,687355
Optimal,25,1,1000000,1000,500000,1000,1000,44485,312645,687355,312645,687355
LRU,25,1,1000000,1000,500000,1000,1000,44163,73598,926402,312645,687355
Optimal,25,1,1000000,1000,500000,1000,1000,44163,312645,687355,312645,687355
LRU,25,1,1000000,1000,500000,1000,1000,44104,73598,926402,312645,687355
Optimal,25,1,1000000,1000,500000,1000,1000,44104,312645,687355,312645,687355
FIFO,25,1,1000000,1000,500000,1000,1000,34540,73633,926367,312645,687355
Optimal,25,1,1000000,1000,500000,1000,1000,34540,312645,687355,312645,687355
FIFO,25,1,1000000,1000,500000,1000,1000,34337,73633,926367,312645,687355
Optimal,25,1,1000000,1000,500000,1000,1000,34337,312645,687355,312645,687355
FIFO,25,1,1000000,1000,500000,1000,1000,34205,73633,926367,312645,687355
Optimal,25,1,1000000,1000,500000,1000,1000,34205,312645,687355,312645,687355
SECOND_CHANCE,25,1,1000000,1000,500000,1000,1000,36921,73632,926368,312645,687355
Optimal,25,1,1000000,1000,500000,1000,1000,36921,312645,687355,312645,687355
SECOND_CHANCE,25,1,1000000,1000,500000,1000,1000,36626,73632,926368,312645,687355
Optimal,25,1,1000000,1000,500000,1000,1000,36626,312645,687355,312645,687355
SECOND_CHANCE,25,1,1000000,1000,500000,1000,1000,36548,73632,926368,312645,687355
Optimal,25,1,1000000,1000,500000,1000,1000,36548,312645,687355,312645,687355
TWO_QUEUES,50,0,1000000,1000,500000,1000,1000,12776,999000,1000,999000,1000
Optimal,50,0,1000000,1000,500000,1000,1000,12776,999000,1000,999000,1000
TWO_QUEUES,50,0,1000000,1000,500000,1000,1000,14025,999000,1000,999000,1000
Optimal,50,0,1000000,1000,500000,1000,1000,14025,999000,1000,999000,1000
TWO_QUEUES,50,0,1000000,1000,500000,1000,1000,12121,999000,1000,999000,1000
Optimal,50,0,1000000,1000,500000,1000,1000,12121,999000,1000,999000,1000
LRU,50,0,1000000,1000,500000,1000,1000,17789,999000,1000,999000,1000
Optimal,50,0,1000000,1000,500000,1000,1000,17789,999000,1000,999000,1000
LRU,50,0,1000000,1000,500000,1000,1000,17631,999000,1000,999000,1000
Optimal,50,0,1000000,1000,500000,1000,1000,17631,999000,1000,999000,1000
LRU,50,0,1000000,1000,500000,1000,1000,17596,999000,1000,999000,1000
Optimal,50,0,1000000,1000,500000,1000,1000,17596,999000,1000,999000,1000
FIFO,50,0,1000000,1000,500000,1000,1000,5278,999000,1000,999000,1000
Optimal,50,0,1000000,1000,500000,1000,1000,5278,999000,1000,999000,1000
FIFO,50,0,1000000,1000,500000,1000,1000,4768,999000,1000,999000,1000
Optimal,50,0,1000000,1000,500000,1000,1000,4768,999000,1000,999000,1000
FIFO,50,0,1000000,1000,500000,1000,1000,4752,999000,1000,999000,1000
Optimal,50,0,1000000,1000,500000,1000,1000,4752,999000,1000,999000,1000
SECOND_CHANCE,50,0,1000000,1000,500000,1000,1000,5632,999000,1000,999000,1000
Optimal,50,0,1000000,1000,500000,1000,1000,5632,999000,1000,999000,1000
SECOND_CHANCE,50,0,1000000,1000,500000,1000,1000,5168,999000,1000,999000,1000
Optimal,50,0,1000000,1000,500000,1000,1000,5168,999000,1000,999000,1000
SECOND_CHANCE,50,0,1000000,1000,500000,1000,1000,5196,999000,1000,999000,1000
Optimal,50,0,1000000,1000,500000,1000,1000,5196,999000,1000,999000,1000
TWO_QUEUES,50,0.1,1000000,1000,500000,1000,1000,17883,909353,90647,943134,56866
Optimal,50,0.1,1000000,1000,500000,1000,1000,17883,943134,56866,943134,56866
TWO_QUEUES,50,0.1,1000000,1000,500000,1000,1000,17542,909353,90647,943134,56866
Optimal,50,0.1,1000000,1000,500000,1000,1000,17542,943134,56866,943134,56866
TWO_QUEUES,50,0.1,1000000,1000,500000,1000,1000,17532,909353,90647,943134,56866
Optimal,50,0.1,1000000,1000,500000,1000,1000,17532,943134,56866,943134,56866
LRU,50,0.1,1000000,1000,500000,1000,1000,26895,913130,86870,943134,56866
Optimal,50,0.1,1000000,1000,500000,1000,1000,26895,943134,56866,943134,56866
LRU,50,0.1,1000000,1000,500000,1000,1000,26355,913130,86870,943134,56866
Optimal,50,0.1,1000000,1000,500000,1000,1000,26355,943134,56866,943134,56866
LRU,50,0.1,1000000,1000,500000,1000,1000,26261,913130,86870,943134,56866
Optimal,50,0.1,1000000,1000,500000,1000,1000,26261,943134,56866,943134,56866
FIFO,50,0.1,1000000,1000,500000,1000,1000,12596,912274,87726,943134,56866
Optimal,50,0.1,1000000,1000,500000,1000,1000,12596,943134,56866,943134,56866
FIFO,50,0.1,1000000,1000,500000,1000,1000,12230,912274,87726,943134,56866
Optimal,50,0.1,1000000,1000,500000,1000,1000,12230,943134,56866,943134,56866
FIFO,50,0.1,1000000,1000,500000,1000,1000,12388,912274,87726,943134,56866
Optimal,50,0.1,1000000,1000,500000,1000,1000,12388,943134,56866,943134,56866
SECOND_CHANCE,50,0.1,1000000,1000,500000,1000,1000,12946,913131,86869,943134,56866
Optimal,50,0.1,1000000,1000,500000,1000,1000,12946,943134,56866,943134,56866
SECOND_CHANCE,50,0.1,1000000,1000,500000,1000,1000,12581,913131,86869,943134,56866
Optimal,50,0.1,1000000,1000,500000,1000,1000,12581,943134,56866,943134,56866
SECOND_CHANCE,50,0.1,1000000,1000,500000,1000,1000,12619,913131,86869,943134,56866
Optimal,50,0.1,1000000,1000,500000,1000,1000,12619,943134,56866,943134,56866
TWO_QUEUES,50,0.2,1000000,1000,500000,1000,1000,23551,820090,179910,887571,112429
Optimal,50,0.2,1000000,1000,500000,1000,1000,23551,887571,112429,887571,112429
TWO_QUEUES,50,0.2,1000000,1000,500000,1000,1000,23288,820090,179910,887571,112429
Optimal,50,0.2,1000000,1000,500000,1000,1000,23288,887571,112429,887571,112429
TWO_QUEUES,50,0.2,1000000,1000,500000,1000,1000,23182,820090,179910,887571,112429
Optimal,50,0.2,1000000,1000,500000,1000,1000,23182,887571,112429,887571,112429
LRU,50,0.2,1000000,1000,500000,1000,1000,35395,827699,172301,887571,112429
Optimal,50,0.2,1000000,1000,500000,1000,1000,35395,887571,112429,887571,112429
LRU,50,0.2,1000000,1000,500000,1000,1000,35736,827699,172301,887571,112429
Optimal,50,0.2,1000000,1000,500000,1000,1000,35736,887571,112429,887571,112429
LRU,50,0.2,1000000,1000,500000,1000,1000,35043,827699,172301,887571,112429
Optimal,50,0.2,1000000,1000,500000,1000,1000,35043,887571,112429,887571,112429
FIFO,50,0.2,1000000,1000,500000,1000,1000,20452,825517,174483,887571,112429
Optimal,50,0.2,1000000,1000,500000,1000,1000,20452,887571,112429,887571,112429
FIFO,50,0.2,1000000,1000,500000,1000,1000,19718,825517,174483,887571,112429
Optimal,50,0.2,1000000,1000,500000,1000,1000,19718,887571,112429,887571,112429
FIFO,50,0.2,1000000,1000,500000,1000,1000,19762,825517,174483,887571,112429
Optimal,50,0.2,1000000,1000,500000,1000,1000,19762,887571,112429,887571,112429
SECOND_CHANCE,50,0.2,1000000,1000,500000,1000,1000,20863,827586,172414,887571,112429
Optimal,50,0.2,1000000,1000,500000,1000,1000,20863,887571,112429,887571,112429
SECOND_CHANCE,50,0.2,1000000,1000,500000,1000,1000,21002,827586,172414,887571,112429
Optimal,50,0.2,1000000,1000,500000,1000,1000,21002,887571,112429,887571,112429
SECOND_CHANCE,50,0.2,1000000,1000,500000,1000,1000,20877,827586,172414,887571,112429
Optimal,50,0.2,1000000,1000,500000,1000,1000,20877,887571,112429,887571,112429
TWO_QUEUES,50,0.3,1000000,1000,500000,1000,1000,30142,730197,269803,831258,168742
Optimal,50,0.3,1000000,1000,500000,1000,1000,30142,831258,168742,831258,168742
TWO_QUEUES,50,0.3,1000000,1000,500000,1000,1000,29633,730197,269803,831258,168742
Optimal,50,0.3,1000000,1000,500000,1000,1000,29633,831258,168742,831258,168742
TWO_QUEUES,50,0.3,1000000,1000,500000,1000,1000,29651,730197,269803,831258,168742
Optimal,50,0.3,1000000,1000,500000,1000,1000,29651,831258,168742,831258,168742
LRU,50,0.3,1000000,1000,500000,1000,1000,44154,741520,258480,831258,168742
Optimal,50,0.3,1000000,1000,500000,1000,1000,44154,831258,168742,831258,168742
LRU,50,0.3,1000000,1000,500000,1000,1000,44071,741520,258480,831258,168742
Optimal,50,0.3,1000000,1000,500000,1000,1000,44071,831258,168742,831258,168742
LRU,50,0.3,1000000,1000,500000,1000,1000,43925,741520,258480,831258,168742
Optimal,50,0.3,1000000,1000,500000,1000,1000,43925,831258,168742,831258,168742
FIFO,50,0.3,1000000,1000,500000,1000,1000,27090,737947,262053,831258,168742
Optimal,50,0.3,1000000,1000,500000,1000,1000,27090,831258,168742,831258,168742
FIFO,50,0.3,1000000,1000,500000,1000,1000,26861,737947,262053,831258,168742
Optimal,50,0.3,1000000,1000,500000,1000,1000,26861,831258,168742,831258,168742
FIFO,50,0.3,1000000,1000,500000,1000,1000,26705,737947,262053,831258,168742
Optimal,50,0.3,1000000,1000,500000,1000,1000,26705,831258,168742,831258,168742
SECOND_CHANCE,50,0.3,1000000,1000,500000,1000,1000,28703,741385,258615,831258,168742
Optimal,50,0.3,1000000,1000,500000,1000,1000,28703,831258,168742,831258,168742
SECOND_CHANCE,50,0.3,1000000,1000,500000,1000,1000,28240,741385,258615,831258,168742
Optimal,50,0.3,1000000,1000,500000,1000,1000,28240,831258,168742,831258,168742
SECOND_CHANCE,50,0.3,1000000,1000,500000,1000,1000,28163,741385,258615,831258,168742
Optimal,50,0.3,1000000,1000,500000,1000,1000,28163,831258,168742,831258,168742
TWO_QUEUES,50,0.4,1000000,1000,500000,1000,1000,36341,642399,357601,776429,223571
Optimal,50,0.4,1000000,1000,500000,1000,1000,36341,776429,223571,776429,223571
TWO_QUEUES,50,0.4,1000000,1000,500000,1000,1000,35750,642399,357601,776429,223571
Optimal,50,0.4,1000000,1000,500000,1000,1000,35750,776429,223571,776429,223571
TWO_QUEUES,50,0.4,1000000,1000,500000,1000,1000,35797,642399,357601,776429,223571
Optimal,50,0.4,1000000,1000,500000,1000,1000,35797,776429,223571,776429,223571
LRU,50,0.4,1000000,1000,500000,1000,1000,52603,656808,343192,776429,223571
Optimal,50,0.4,1000000,1000,500000,1000,1000,52603,776429,223571,776429,223571
LRU,50,0.4,1000000,1000,500000,1000,1000,52597,656808,343192,776429,223571
Optimal,50,0.4,1000000,1000,500000,1000,1000,52597,776429,223571,776429,223571
LRU,50,0.4,1000000,1000,500000,1000,1000,52407,656808,343192,776429,223571
Optimal,50,0.4,1000000,1000,500000,1000,1000,52407,776429,223571,776429,223571
FIFO,50,0.4,1000000,1000,500000,1000,1000,33753,652180,347820,776429,223571
Optimal,50,0.4,1000000,1000,500000,1000,1000,33753,776429,223571,776429,223571
FIFO,50,0.4,1000000,1000,500000,1000,1000,33841,652180,347820,776429,223571
Optimal,50,0.4,1000000,1000,500000,1000,1000,33841,776429,223571,776429,223571
FIFO,50,0.4,1000000,1000,500000,1000,1000,33615,652180,347820,776429,223571
Optimal,50,0.4,1000000,1000,500000,1000,1000,33615,776429,223571,776429,223571
SECOND_CHANCE,50,0.4,1000000,1000,500000,1000,1000,35102,656725,343275,776429,223571
Optimal,50,0.4,1000000,1000,500000,1000,1000,35102,776429,223571,776429,223571
SECOND_CHANCE,50,0.4,1000000,1000,500000,1000,1000,35059,656725,343275,776429,223571
Optimal,50,0.4,1000000,1000,500000,1000,1000,35059,776429,223571,776429,223571
SECOND_CHANCE,50,0.4,1000000,1000,500000,1000,1000,35029,656725,343275,776429,223571
Optimal,50,0.4,1000000,1000,500000,1000,1000,35029,776429,223571,776429,223571
TWO_QUEUES,50,0.5,1000000,1000,500000,1000,1000,42795,552497,447503,719702,280298
Optimal,50,0.5,1000000,1000,500000,1000,1000,42795,719702,280298,719702,280298
TWO_QUEUES,50,0.5,1000000,1000,500000,1000,1000,42459,552497,447503,719702,280298
Optimal,50,0.5,1000000,1000,500000,1000,1000,42459,719702,280298,719702,280298
TWO_QUEUES,50,0.5,1000000,1000,500000,1000,1000,43307,552497,447503,719702,280298
Optimal,50,0.5,1000000,1000,500000,1000,1000,43307,719702,280298,719702,280298
LRU,50,0.5,1000000,1000,500000,1000,1000,61032,570448,429552,719702,280298
Optimal,50,0.5,1000000,1000,500000,1000,1000,61032,719702,280298,719702,280298
LRU,50,0.5,1000000,1000,500000,1000,1000,61335,570448,429552,719702,280298
Optimal,50,0.5,1000000,1000,500000,1000,1000,61335,719702,280298,719702,280298
LRU,50,0.5,1000000,1000,500000,1000,1000,61053,570448,429552,719702,280298
Optimal,50,0.5,1000000,1000,500000,1000,1000,61053,719702,280298,719702,280298
FIFO,50,0.5,1000000,1000,500000,1000,1000,40193,564237,435763,719702,280298
Optimal,50,0.5,1000000,1000,500000,1000,1000,40193,719702,280298,719702,280298
FIFO,50,0.5,1000000,1000,500000,1000,1000,40225,564237,435763,719702,280298
Optimal,50,0.5,1000000,1000,500000,1000,1000,40225,719702,280298,719702,280298
FIFO,50,0.5,1000000,1000,500000,1000,1000,40535,564237,435763,719702,280298
Optimal,50,0.5,1000000,1000,500000,1000,1000,40535,719702,280298,719702,280298
SECOND_CHANCE,50,0.5,1000000,1000,500000,1000,1000,41936,570295,429705,719702,280298
Optimal,50,0.5,1000000,1000,500000,1000,1000,41936,719702,280298,719702,280298
SECOND_CHANCE,50,0.5,1000000,1000,500000,1000,1000,41736,570295,429705,719702,280298
Optimal,50,0.5,1000000,1000,500000,1000,1000,41736,719702,280298,719702,280298
SECOND_CHANCE,50,0.5,1000000,1000,500000,1000,1000,41781,570295,429705,719702,280298
Optimal,50,0.5,1000000,1000,500000,1000,1000,41781,719702,280298,719702,280298
TWO_QUEUES,50,0.6,1000000,1000,500000,1000,1000,49517,464668,535332,664364,335636
Optimal,50,0.6,1000000,1000,500000,1000,1000,49517,664364,335636,664364,335636
TWO_QUEUES,50,0.6,1000000,1000,500000,1000,1000,49042,464668,535332,664364,335636
Optimal,50,0.6,1000000,1000,500000,1000,1000,49042,664364,335636,664364,335636
TWO_QUEUES,50,0.6,1000000,1000,500000,1000,1000,49249,464668,535332,664364,335636
Optimal,50,0.6,1000000,1000,500000,1000,1000,49249,664364,335636,664364,335636
LRU,50,0.6,1000000,1000,500000,1000,1000,70933,484637,515363,664364,335636
Optimal,50,0.6,1000000,1000,500000,1000,1000,70933,664364,335636,664364,335636
LRU,50,0.6,1000000,1000,500000,1000,1000,69118,484637,515363,664364,335636
Optimal,50,0.6,1000000,1000,500000,1000,1000,69118,664364,335636,664364,335636
LRU,50,0.6,1000000,1000,500000,1000,1000,69453,484637,515363,664364,335636
Optimal,50,0.6,1000000,1000,500000,1000,1000,69453,664364,335636,664364,335636
FIFO,50,0.6,1000000,1000,500000,1000,1000,47740,477374,522626,664364,335636
Optimal,50,0.6,1000000,1000,500000,1000,1000,47740,664364,335636,664364,335636
FIFO,50,0.6,1000000,1000,500000,1000,1000,45976,477374,522626,664364,335636
Optimal,50,0.6,1000000,1000,500000,1000,1000,45976,664364,335636,664364,335636
FIFO,50,0.6,1000000,1000,500000,1000,1000,46597,477374,522626,664364,335636
Optimal,50,0.6,1000000,1000,500000,1000,1000,46597,664364,335636,664364,335636
SECOND_CHANCE,50,0.6,1000000,1000,500000,1000,1000,48381,484522,515478,664364,335636
Optimal,50,0.6,1000000,1000,500000,1000,1000,48381,664364,335636,664364,335636
SECOND_CHANCE,50,0.6,1000000,1000,500000,1000,1000,48079,484522,515478,664364,335636
Optimal,50,0.6,1000000,1000,500000,1000,1000,48079,664364,335636,664364,335636
SECOND_CHANCE,50,0.6,1000000,1000,500000,1000,1000,47912,484522,515478,664364,335636
Optimal,50,0.6,1000000,1000,500000,1000,1000,47912,664364,335636,664364,335636
TWO_QUEUES,50,0.7,1000000,1000,500000,1000,1000,56144,375888,624112,607565,392435
Optimal,50,0.7,1000000,1000,500000,1000,1000,56144,607565,392435,607565,392435
TWO_QUEUES,50,0.7,1000000,1000,500000,1000,1000,55527,375888,624112,607565,392435
Optimal,50,0.7,1000000,1000,500000,1000,1000,55527,607565,392435,607565,392435
TWO_QUEUES,50,0.7,1000000,1000,500000,1000,1000,55694,375888,624112,607565,392435
Optimal,50,0.7,1000000,1000,500000,1000,1000,55694,607565,392435,607565,392435
LRU,50,0.7,1000000,1000,500000,1000,1000,77246,398240,601760,607565,392435
Optimal,50,0.7,1000000,1000,500000,1000,1000,77246,607565,392435,607565,392435
LRU,50,0.7,1000000,1000,500000,1000,1000,78166,398240,601760,607565,392435
Optimal,50,0.7,1000000,1000,500000,1000,1000,78166,607565,392435,607565,392435
LRU,50,0.7,1000000,1000,500000,1000,1000,77770,398240,601760,607565,392435
Optimal,50,0.7,1000000,1000,500000,1000,1000,77770,607565,392435,607565,392435
FIFO,50,0.7,1000000,1000,500000,1000,1000,52429,389991,610009,607565,392435
Optimal,50,0.7,1000000,1000,500000,1000,1000,52429,607565,392435,607565,392435
FIFO,50,0.7,1000000,1000,500000,1000,1000,52217,389991,610009,607565,392435
Optimal,50,0.7,1000000,1000,500000,1000,1000,52217,607565,392435,607565,392435
FIFO,50,0.7,1000000,1000,500000,1000,1000,52323,389991,610009,607565,392435
Optimal,50,0.7,1000000,1000,500000,1000,1000,52323,607565,392435,607565,392435
SECOND_CHANCE,50,0.7,1000000,1000,500000,1000,1000,54224,398186,601814,607565,392435
Optimal,50,0.7,1000000,1000,500000,1000,1000,54224,607565,392435,607565,392435
SECOND_CHANCE,50,0.7,1000000,1000,500000,1000,1000,54107,398186,601814,607565,392435
Optimal,50,0.7,1000000,1000,500000,1000,1000,54107,607565,392435,607565,392435
SECOND_CHANCE,50,0.7,1000000,1000,500000,1000,1000,53998,398186,601814,607565,392435
Optimal,50,0.7,1000000,1000,500000,1000,1000,53998,607565,392435,607565,392435
TWO_QUEUES,50,0.8,1000000,1000,500000,1000,1000,62135,288818,711182,552832,447168
Optimal,50,0.8,1000000,1000,500000,1000,1000,62135,552832,447168,552832,447168
TWO_QUEUES,50,0.8,1000000,1000,500000,1000,1000,61769,288818,711182,552832,447168
Optimal,50,0.8,1000000,1000,500000,1000,1000,61769,552832,447168,552832,447168
TWO_QUEUES,50,0.8,1000000,1000,500000,1000,1000,62326,288818,711182,552832,447168
Optimal,50,0.8,1000000,1000,500000,1000,1000,62326,552832,447168,552832,447168
LRU,50,0.8,1000000,1000,500000,1000,1000,84298,313199,686801,552832,447168
Optimal,50,0.8,1000000,1000,500000,1000,1000,84298,552832,447168,552832,447168
LRU,50,0.8,1000000,1000,500000,1000,1000,83505,313199,686801,552832,447168
Optimal,50,0.8,1000000,1000,500000,1000,1000,83505,552832,447168,552832,447168
LRU,50,0.8,1000000,1000,500000,1000,1000,84354,313199,686801,552832,447168
Optimal,50,0.8,1000000,1000,500000,1000,1000,84354,552832,447168,552832,447168
FIFO,50,0.8,1000000,1000,500000,1000,1000,58047,304045,695955,552832,447168
Optimal,50,0.8,1000000,1000,500000,1000,1000,58047,552832,447168,552832,447168
FIFO,50,0.8,1000000,1000,500000,1000,1000,57833,304045,695955,552832,447168
Optimal,50,0.8,1000000,1000,500000,1000,1000,57833,552832,447168,552832,447168
FIFO,50,0.8,1000000,1000,500000,1000,1000,58359,304045,695955,552832,447168
Optimal,50,0.8,1000000,1000,500000,1000,1000,58359,552832,447168,552832,447168
SECOND_CHANCE,50,0.8,1000000,1000,500000,1000,1000,60301,313165,686835,552832,447168
Optimal,50,0.8,1000000,1000,500000,1000,1000,60301,552832,447168,552832,447168
SECOND_CHANCE,50,0.8,1000000,1000,500000,1000,1000,59897,313165,686835,552832,447168
Optimal,50,0.8,1000000,1000,500000,1000,1000,59897,552832,447168,552832,447168
SECOND_CHANCE,50,0.8,1000000,1000,500000,1000,1000,59900,313165,686835,552832,447168
Optimal,50,0.8,1000000,1000,500000,1000,1000,59900,552832,447168,552832,447168
TWO_QUEUES,50,0.9,1000000,1000,500000,1000,1000,67735,204254,795746,497069,502931
Optimal,50,0.9,1000000,1000,500000,1000,1000,67735,497069,502931,497069,502931
TWO_QUEUES,50,0.9,1000000,1000,500000,1000,1000,68014,204254,795746,497069,502931
Optimal,50,0.9,1000000,1000,500000,1000,1000,68014,497069,502931,497069,502931
TWO_QUEUES,50,0.9,1000000,1000,500000,1000,1000,67958,204254,795746,497069,502931
Optimal,50,0.9,1000000,1000,500000,1000,1000,67958,497069,502931,497069,502931
LRU,50,0.9,1000000,1000,500000,1000,1000,90509,228167,771833,497069,502931
Optimal,50,0.9,1000000,1000,500000,1000,1000,90509,497069,502931,497069,502931
LRU,50,0.9,1000000,1000,500000,1000,1000,90699,228167,771833,497069,502931
Optimal,50,0.9,1000000,1000,500000,1000,1000,90699,497069,502931,497069,502931
LRU,50,0.9,1000000,1000,500000,1000,1000,89780,228167,771833,497069,502931
Optimal,50,0.9,1000000,1000,500000,1000,1000,89780,497069,502931,497069,502931
FIFO,50,0.9,1000000,1000,500000,1000,1000,65846,218840,781160,497069,502931
Optimal,50,0.9,1000000,1000,500000,1000,1000,65846,497069,502931,497069,502931
FIFO,50,0.9,1000000,1000,500000,1000,1000,63129,218840,781160,497069,502931
Optimal,50,0.9,1000000,1000,500000,1000,1000,63129,497069,502931,497069,502931
FIFO,50,0.9,1000000,1000,500000,1000,1000,62924,218840,781160,497069,502931
Optimal,50,0.9,1000000,1000,500000,1000,1000,62924,497069,502931,497069,502931
SECOND_CHANCE,50,0.9,1000000,1000,500000,1000,1000,65624,228240,771760,497069,502931
Optimal,50,0.9,1000000,1000,500000,1000,1000,65624,497069,502931,497069,502931
SECOND_CHANCE,50,0.9,1000000,1000,500000,1000,1000,65322,228240,771760,497069,502931
Optimal,50,0.9,1000000,1000,500000,1000,1000,65322,497069,502931,497069,502931
SECOND_CHANCE,50,0.9,1000000,1000,500000,1000,1000,65589,228240,771760,497069,502931
Optimal,50,0.9,1000000,1000,500000,1000,1000,65589,497069,502931,497069,502931
TWO_QUEUES,50,1,1000000,1000,500000,1000,1000,72528,129906,870094,444771,555229
Optimal,50,1,1000000,1000,500000,1000,1000,72528,444771,555229,444771,555229
TWO_QUEUES,50,1,1000000,1000,500000,1000,1000,72316,129906,870094,444771,555229
Optimal,50,1,1000000,1000,500000,1000,1000,72316,444771,555229,444771,555229
TWO_QUEUES,50,1,1000000,1000,500000,1000,1000,112282,129906,870094,444771,555229
Optimal,50,1,1000000,1000,500000,1000,1000,112282,444771,555229,444771,555229
LRU,50,1,1000000,1000,500000,1000,1000,95156,145463,854537,444771,555229
Optimal,50,1,1000000,1000,500000,1000,1000,95156,444771,555229,444771,555229
LRU,50,1,1000000,1000,500000,1000,1000,95143,145463,854537,444771,555229
Optimal,50,1,1000000,1000,500000,1000,1000,95143,444771,555229,444771,555229
LRU,50,1,1000000,1000,500000,1000,1000,95433,145463,854537,444771,555229
Optimal,50,1,1000000,1000,500000,1000,1000,95433,444771,555229,444771,555229
FIFO,50,1,1000000,1000,500000,1000,1000,66796,145455,854545,444771,555229
Optimal,50,1,1000000,1000,500000,1000,1000,66796,444771,555229,444771,555229
FIFO,50,1,1000000,1000,500000,1000,1000,67073,145455,854545,444771,555229
Optimal,50,1,1000000,1000,500000,1000,1000,67073,444771,555229,444771,555229
FIFO,50,1,1000000,1000,500000,1000,1000,66977,145455,854545,444771,555229
Optimal,50,1,1000000,1000,500000,1000,1000,66977,444771,555229,444771,555229
SECOND_CHANCE,50,1,1000000,1000,500000,1000,1000,70303,145337,854663,444771,555229
Optimal,50,1,1000000,1000,500000,1000,1000,70303,444771,555229,444771,555229
SECOND_CHANCE,50,1,1000000,1000,500000,1000,1000,69284,145337,854663,444771,555229
Optimal,50,1,1000000,1000,500000,1000,1000,69284,444771,555229,444771,555229
SECOND_CHANCE,50,1,1000000,1000,500000,1000,1000,69389,145337,854663,444771,555229
Optimal,50,1,1000000,1000,500000,1000,1000,69389,444771,555229,444771,555229
